-- phpMyAdmin SQL Dump
-- version 4.0.4
-- http://www.phpmyadmin.net
--
-- Client: localhost
-- Généré le: Lun 02 Février 2015 à 11:45
-- Version du serveur: 5.6.12-log
-- Version de PHP: 5.4.12

SET SQL_MODE = "NO_AUTO_VALUE_ON_ZERO";
SET time_zone = "+00:00";


/*!40101 SET @OLD_CHARACTER_SET_CLIENT=@@CHARACTER_SET_CLIENT */;
/*!40101 SET @OLD_CHARACTER_SET_RESULTS=@@CHARACTER_SET_RESULTS */;
/*!40101 SET @OLD_COLLATION_CONNECTION=@@COLLATION_CONNECTION */;
/*!40101 SET NAMES utf8 */;

--
-- Base de données: `smartrdv`
--
CREATE DATABASE IF NOT EXISTS `smartrdv` DEFAULT CHARACTER SET latin1 COLLATE latin1_swedish_ci;
USE `smartrdv`;

-- --------------------------------------------------------

--
-- Structure de la table `bot_meetings`
--

CREATE TABLE IF NOT EXISTS `bot_meetings` (
  `id` int(11) NOT NULL AUTO_INCREMENT,
  `submenu_id` int(11) NOT NULL,
  `meeting_date` datetime NOT NULL,
  `meeting_end_date` datetime NOT NULL,
  `discount_rate` tinyint(4) NOT NULL,
  `click_nb` tinyint(11) NOT NULL DEFAULT '0' COMMENT 'nb of click on RDV button',
  `status` tinyint(4) NOT NULL DEFAULT '1' COMMENT '1: enable / 0:disable',
  PRIMARY KEY (`id`)
) ENGINE=InnoDB  DEFAULT CHARSET=latin1 AUTO_INCREMENT=743 ;

--
-- Contenu de la table `bot_meetings`
--

INSERT INTO `bot_meetings` (`id`, `submenu_id`, `meeting_date`, `meeting_end_date`, `discount_rate`, `click_nb`, `status`) VALUES
(55, 1, '2015-01-30 11:00:00', '0000-00-00 00:00:00', 0, 0, 1),
(56, 1, '2015-01-30 14:00:00', '0000-00-00 00:00:00', 0, 0, 1),
(57, 1, '2015-01-30 16:00:00', '0000-00-00 00:00:00', 0, 0, 1),
(58, 1, '2015-01-30 16:30:00', '0000-00-00 00:00:00', 0, 0, 1),
(59, 1, '2015-02-03 16:30:00', '0000-00-00 00:00:00', 0, 0, 1),
(60, 1, '2015-02-03 17:00:00', '0000-00-00 00:00:00', 0, 0, 1),
(61, 1, '2015-02-05 14:00:00', '0000-00-00 00:00:00', 0, 0, 1),
(62, 1, '2015-02-05 14:30:00', '0000-00-00 00:00:00', 0, 0, 1),
(63, 1, '2015-02-05 15:00:00', '0000-00-00 00:00:00', 0, 0, 1),
(64, 5, '2015-01-30 11:00:00', '0000-00-00 00:00:00', 0, 0, 1),
(65, 5, '2015-01-30 14:00:00', '0000-00-00 00:00:00', 0, 0, 1),
(66, 5, '2015-01-30 16:00:00', '0000-00-00 00:00:00', 0, 0, 1),
(67, 5, '2015-01-30 16:30:00', '0000-00-00 00:00:00', 0, 0, 1),
(68, 5, '2015-02-03 16:30:00', '0000-00-00 00:00:00', 0, 0, 1),
(69, 5, '2015-02-03 17:00:00', '0000-00-00 00:00:00', 0, 0, 1),
(70, 5, '2015-02-05 14:00:00', '0000-00-00 00:00:00', 0, 0, 1),
(71, 5, '2015-02-05 14:30:00', '0000-00-00 00:00:00', 0, 0, 1),
(72, 5, '2015-02-05 15:00:00', '0000-00-00 00:00:00', 0, 0, 1),
(73, 8, '2015-01-30 11:00:00', '0000-00-00 00:00:00', 0, 0, 1),
(74, 8, '2015-01-30 14:00:00', '0000-00-00 00:00:00', 0, 0, 1),
(75, 8, '2015-02-03 16:30:00', '0000-00-00 00:00:00', 0, 0, 1),
(76, 8, '2015-02-03 17:00:00', '0000-00-00 00:00:00', 0, 0, 1),
(77, 12, '2015-02-03 16:30:00', '0000-00-00 00:00:00', 0, 0, 1),
(78, 12, '2015-02-03 17:00:00', '0000-00-00 00:00:00', 0, 0, 1),
(79, 12, '2015-02-03 17:30:00', '0000-00-00 00:00:00', 0, 0, 1),
(80, 14, '2015-02-03 16:00:00', '0000-00-00 00:00:00', 0, 0, 1),
(81, 14, '2015-02-03 16:30:00', '0000-00-00 00:00:00', 0, 0, 1),
(82, 14, '2015-02-03 17:00:00', '0000-00-00 00:00:00', 0, 0, 1),
(83, 14, '2015-02-03 17:30:00', '0000-00-00 00:00:00', 0, 0, 1),
(84, 15, '2015-01-30 16:30:00', '0000-00-00 00:00:00', 0, 0, 1),
(85, 15, '2015-02-03 16:30:00', '0000-00-00 00:00:00', 0, 0, 1),
(86, 15, '2015-02-03 17:00:00', '0000-00-00 00:00:00', 0, 0, 1),
(87, 15, '2015-02-03 17:30:00', '0000-00-00 00:00:00', 0, 0, 1),
(88, 15, '2015-02-04 17:00:00', '0000-00-00 00:00:00', 0, 0, 1),
(89, 21, '2015-01-29 10:00:00', '0000-00-00 00:00:00', 0, 0, 1),
(90, 21, '2015-01-29 10:30:00', '0000-00-00 00:00:00', 0, 0, 1),
(91, 21, '2015-01-29 11:00:00', '0000-00-00 00:00:00', 0, 0, 1),
(92, 21, '2015-01-29 11:30:00', '0000-00-00 00:00:00', 0, 0, 1),
(93, 21, '2015-01-29 14:30:00', '0000-00-00 00:00:00', 0, 0, 1),
(94, 21, '2015-01-29 15:00:00', '0000-00-00 00:00:00', 0, 0, 1),
(95, 21, '2015-01-29 15:30:00', '0000-00-00 00:00:00', 0, 0, 1),
(96, 21, '2015-02-03 16:00:00', '0000-00-00 00:00:00', 0, 0, 1),
(97, 21, '2015-02-03 16:30:00', '0000-00-00 00:00:00', 0, 0, 1),
(98, 21, '2015-02-03 17:00:00', '0000-00-00 00:00:00', 0, 0, 1),
(99, 21, '2015-02-04 11:30:00', '0000-00-00 00:00:00', 0, 0, 1),
(100, 21, '2015-02-04 12:00:00', '0000-00-00 00:00:00', 0, 0, 1),
(101, 21, '2015-02-04 16:30:00', '0000-00-00 00:00:00', 0, 0, 1),
(102, 23, '2015-01-28 09:00:00', '0000-00-00 00:00:00', 0, 0, 1),
(103, 23, '2015-01-28 09:30:00', '0000-00-00 00:00:00', 0, 0, 1),
(104, 23, '2015-01-28 10:00:00', '0000-00-00 00:00:00', 0, 0, 1),
(105, 23, '2015-01-28 10:30:00', '0000-00-00 00:00:00', 0, 0, 1),
(106, 23, '2015-01-28 11:00:00', '0000-00-00 00:00:00', 0, 0, 1),
(107, 23, '2015-02-03 16:30:00', '0000-00-00 00:00:00', 0, 0, 1),
(108, 23, '2015-02-03 17:00:00', '0000-00-00 00:00:00', 0, 0, 1),
(109, 24, '2015-01-27 15:00:00', '0000-00-00 00:00:00', 0, 0, 1),
(110, 24, '2015-01-27 15:30:00', '0000-00-00 00:00:00', 0, 0, 1),
(111, 24, '2015-01-27 16:00:00', '0000-00-00 00:00:00', 0, 0, 1),
(112, 24, '2015-01-27 16:30:00', '0000-00-00 00:00:00', 0, 0, 1),
(113, 24, '2015-01-27 17:00:00', '0000-00-00 00:00:00', 0, 0, 1),
(114, 24, '2015-01-27 17:30:00', '0000-00-00 00:00:00', 0, 0, 1),
(115, 24, '2015-01-27 18:00:00', '0000-00-00 00:00:00', 0, 0, 1),
(116, 24, '2015-01-28 09:30:00', '0000-00-00 00:00:00', 0, 0, 1),
(117, 24, '2015-01-28 10:00:00', '0000-00-00 00:00:00', 0, 0, 1),
(118, 24, '2015-01-28 10:30:00', '0000-00-00 00:00:00', 0, 0, 1),
(119, 24, '2015-01-28 11:00:00', '0000-00-00 00:00:00', 0, 0, 1),
(120, 24, '2015-01-28 11:30:00', '0000-00-00 00:00:00', 0, 0, 1),
(121, 24, '2015-01-28 14:00:00', '0000-00-00 00:00:00', 0, 0, 1),
(122, 24, '2015-01-28 14:30:00', '0000-00-00 00:00:00', 0, 0, 1),
(123, 24, '2015-01-28 15:00:00', '0000-00-00 00:00:00', 0, 0, 1),
(124, 24, '2015-01-28 15:30:00', '0000-00-00 00:00:00', 0, 0, 1),
(125, 24, '2015-01-28 16:00:00', '0000-00-00 00:00:00', 0, 0, 1),
(126, 24, '2015-01-28 16:30:00', '0000-00-00 00:00:00', 0, 0, 1),
(127, 24, '2015-01-28 17:00:00', '0000-00-00 00:00:00', 0, 0, 1),
(128, 24, '2015-01-28 17:30:00', '0000-00-00 00:00:00', 0, 0, 1),
(129, 24, '2015-01-28 18:00:00', '0000-00-00 00:00:00', 0, 0, 1),
(130, 24, '2015-01-29 09:30:00', '0000-00-00 00:00:00', 0, 0, 1),
(131, 24, '2015-01-29 10:00:00', '0000-00-00 00:00:00', 0, 0, 1),
(132, 24, '2015-01-29 10:30:00', '0000-00-00 00:00:00', 0, 0, 1),
(133, 24, '2015-01-29 11:00:00', '0000-00-00 00:00:00', 0, 0, 1),
(134, 24, '2015-01-29 11:30:00', '0000-00-00 00:00:00', 0, 0, 1),
(135, 24, '2015-01-29 14:00:00', '0000-00-00 00:00:00', 0, 0, 1),
(136, 24, '2015-01-29 14:30:00', '0000-00-00 00:00:00', 0, 0, 1),
(137, 24, '2015-01-29 15:00:00', '0000-00-00 00:00:00', 0, 0, 1),
(138, 24, '2015-01-29 15:30:00', '0000-00-00 00:00:00', 0, 0, 1),
(139, 24, '2015-01-29 16:00:00', '0000-00-00 00:00:00', 0, 0, 1),
(140, 24, '2015-01-29 16:30:00', '0000-00-00 00:00:00', 0, 0, 1),
(141, 24, '2015-01-29 17:00:00', '0000-00-00 00:00:00', 0, 0, 1),
(142, 24, '2015-01-29 17:30:00', '0000-00-00 00:00:00', 0, 0, 1),
(143, 24, '2015-01-29 18:00:00', '0000-00-00 00:00:00', 0, 0, 1),
(144, 24, '2015-01-30 09:30:00', '0000-00-00 00:00:00', 0, 0, 1),
(145, 24, '2015-01-30 10:00:00', '0000-00-00 00:00:00', 0, 0, 1),
(146, 24, '2015-01-30 10:30:00', '0000-00-00 00:00:00', 0, 0, 1),
(147, 24, '2015-01-30 11:00:00', '0000-00-00 00:00:00', 0, 0, 1),
(148, 24, '2015-01-30 11:30:00', '0000-00-00 00:00:00', 0, 0, 1),
(149, 24, '2015-01-30 14:00:00', '0000-00-00 00:00:00', 0, 0, 1),
(150, 24, '2015-01-30 14:30:00', '0000-00-00 00:00:00', 0, 0, 1),
(151, 24, '2015-01-30 15:00:00', '0000-00-00 00:00:00', 0, 0, 1),
(152, 24, '2015-01-30 15:30:00', '0000-00-00 00:00:00', 0, 0, 1),
(153, 24, '2015-01-30 16:00:00', '0000-00-00 00:00:00', 0, 0, 1),
(154, 24, '2015-01-30 16:30:00', '0000-00-00 00:00:00', 0, 0, 1),
(155, 24, '2015-01-30 17:00:00', '0000-00-00 00:00:00', 0, 0, 1),
(156, 24, '2015-01-30 17:30:00', '0000-00-00 00:00:00', 0, 0, 1),
(157, 24, '2015-01-30 18:00:00', '0000-00-00 00:00:00', 0, 0, 1),
(158, 24, '2015-01-31 09:30:00', '0000-00-00 00:00:00', 0, 0, 1),
(159, 24, '2015-01-31 10:00:00', '0000-00-00 00:00:00', 0, 0, 1),
(160, 24, '2015-01-31 10:30:00', '0000-00-00 00:00:00', 0, 0, 1),
(161, 24, '2015-01-31 11:00:00', '0000-00-00 00:00:00', 0, 0, 1),
(162, 24, '2015-01-31 11:30:00', '0000-00-00 00:00:00', 0, 0, 1),
(163, 24, '2015-01-31 14:00:00', '0000-00-00 00:00:00', 0, 0, 1),
(164, 24, '2015-01-31 14:30:00', '0000-00-00 00:00:00', 0, 0, 1),
(165, 24, '2015-01-31 15:00:00', '0000-00-00 00:00:00', 0, 0, 1),
(166, 24, '2015-01-31 15:30:00', '0000-00-00 00:00:00', 0, 0, 1),
(167, 24, '2015-01-31 16:00:00', '0000-00-00 00:00:00', 0, 0, 1),
(168, 24, '2015-01-31 16:30:00', '0000-00-00 00:00:00', 0, 0, 1),
(169, 24, '2015-01-31 17:00:00', '0000-00-00 00:00:00', 0, 0, 1),
(170, 25, '2015-01-27 15:00:00', '0000-00-00 00:00:00', 0, 0, 1),
(171, 25, '2015-01-27 15:30:00', '0000-00-00 00:00:00', 0, 0, 1),
(172, 25, '2015-01-27 16:00:00', '0000-00-00 00:00:00', 0, 0, 1),
(173, 25, '2015-01-27 16:30:00', '0000-00-00 00:00:00', 0, 0, 1),
(174, 25, '2015-01-27 17:00:00', '0000-00-00 00:00:00', 0, 0, 1),
(175, 25, '2015-01-27 17:30:00', '0000-00-00 00:00:00', 0, 0, 1),
(176, 25, '2015-01-27 18:00:00', '0000-00-00 00:00:00', 0, 0, 1),
(177, 25, '2015-01-27 18:30:00', '0000-00-00 00:00:00', 0, 0, 1),
(178, 25, '2015-01-28 09:30:00', '0000-00-00 00:00:00', 0, 0, 1),
(179, 25, '2015-01-28 10:00:00', '0000-00-00 00:00:00', 0, 0, 1),
(180, 25, '2015-01-28 10:30:00', '0000-00-00 00:00:00', 0, 0, 1),
(181, 25, '2015-01-28 11:00:00', '0000-00-00 00:00:00', 0, 0, 1),
(182, 25, '2015-01-28 11:30:00', '0000-00-00 00:00:00', 0, 0, 1),
(183, 25, '2015-01-28 12:00:00', '0000-00-00 00:00:00', 0, 0, 1),
(184, 25, '2015-01-28 14:00:00', '0000-00-00 00:00:00', 0, 0, 1),
(185, 25, '2015-01-28 14:30:00', '0000-00-00 00:00:00', 0, 0, 1),
(186, 25, '2015-01-28 15:00:00', '0000-00-00 00:00:00', 0, 0, 1),
(187, 25, '2015-01-28 15:30:00', '0000-00-00 00:00:00', 0, 0, 1),
(188, 25, '2015-01-28 16:00:00', '0000-00-00 00:00:00', 0, 0, 1),
(189, 25, '2015-01-28 16:30:00', '0000-00-00 00:00:00', 0, 0, 1),
(190, 25, '2015-01-28 17:00:00', '0000-00-00 00:00:00', 0, 0, 1),
(191, 25, '2015-01-28 17:30:00', '0000-00-00 00:00:00', 0, 0, 1),
(192, 25, '2015-01-28 18:00:00', '0000-00-00 00:00:00', 0, 0, 1),
(193, 25, '2015-01-28 18:30:00', '0000-00-00 00:00:00', 0, 0, 1),
(194, 25, '2015-01-29 09:30:00', '0000-00-00 00:00:00', 0, 0, 1),
(195, 25, '2015-01-29 10:00:00', '0000-00-00 00:00:00', 0, 0, 1),
(196, 25, '2015-01-29 10:30:00', '0000-00-00 00:00:00', 0, 0, 1),
(197, 25, '2015-01-29 11:00:00', '0000-00-00 00:00:00', 0, 0, 1),
(198, 25, '2015-01-29 11:30:00', '0000-00-00 00:00:00', 0, 0, 1),
(199, 25, '2015-01-29 12:00:00', '0000-00-00 00:00:00', 0, 0, 1),
(200, 25, '2015-01-29 14:00:00', '0000-00-00 00:00:00', 0, 0, 1),
(201, 25, '2015-01-29 14:30:00', '0000-00-00 00:00:00', 0, 0, 1),
(202, 25, '2015-01-29 15:00:00', '0000-00-00 00:00:00', 0, 0, 1),
(203, 25, '2015-01-29 15:30:00', '0000-00-00 00:00:00', 0, 0, 1),
(204, 25, '2015-01-29 16:00:00', '0000-00-00 00:00:00', 0, 0, 1),
(205, 25, '2015-01-29 16:30:00', '0000-00-00 00:00:00', 0, 0, 1),
(206, 25, '2015-01-29 17:00:00', '0000-00-00 00:00:00', 0, 0, 1),
(207, 25, '2015-01-29 17:30:00', '0000-00-00 00:00:00', 0, 0, 1),
(208, 25, '2015-01-29 18:00:00', '0000-00-00 00:00:00', 0, 0, 1),
(209, 25, '2015-01-29 18:30:00', '0000-00-00 00:00:00', 0, 0, 1),
(210, 25, '2015-01-30 09:30:00', '0000-00-00 00:00:00', 0, 0, 1),
(211, 25, '2015-01-30 10:00:00', '0000-00-00 00:00:00', 0, 0, 1),
(212, 25, '2015-01-30 10:30:00', '0000-00-00 00:00:00', 0, 0, 1),
(213, 25, '2015-01-30 11:00:00', '0000-00-00 00:00:00', 0, 0, 1),
(214, 25, '2015-01-30 11:30:00', '0000-00-00 00:00:00', 0, 0, 1),
(215, 25, '2015-01-30 12:00:00', '0000-00-00 00:00:00', 0, 0, 1),
(216, 25, '2015-01-30 14:00:00', '0000-00-00 00:00:00', 0, 0, 1),
(217, 25, '2015-01-30 14:30:00', '0000-00-00 00:00:00', 0, 0, 1),
(218, 25, '2015-01-30 15:00:00', '0000-00-00 00:00:00', 0, 0, 1),
(219, 25, '2015-01-30 15:30:00', '0000-00-00 00:00:00', 0, 0, 1),
(220, 25, '2015-01-30 16:00:00', '0000-00-00 00:00:00', 0, 0, 1),
(221, 25, '2015-01-30 16:30:00', '0000-00-00 00:00:00', 0, 0, 1),
(222, 25, '2015-01-30 17:00:00', '0000-00-00 00:00:00', 0, 0, 1),
(223, 25, '2015-01-30 17:30:00', '0000-00-00 00:00:00', 0, 0, 1),
(224, 25, '2015-01-30 18:00:00', '0000-00-00 00:00:00', 0, 0, 1),
(225, 25, '2015-01-30 18:30:00', '0000-00-00 00:00:00', 0, 0, 1),
(226, 25, '2015-01-31 09:30:00', '0000-00-00 00:00:00', 0, 0, 1),
(227, 25, '2015-01-31 10:00:00', '0000-00-00 00:00:00', 0, 0, 1),
(228, 25, '2015-01-31 10:30:00', '0000-00-00 00:00:00', 0, 0, 1),
(229, 25, '2015-01-31 11:00:00', '0000-00-00 00:00:00', 0, 0, 1),
(230, 25, '2015-01-31 11:30:00', '0000-00-00 00:00:00', 0, 0, 1),
(231, 25, '2015-01-31 12:00:00', '0000-00-00 00:00:00', 0, 0, 1),
(232, 25, '2015-01-31 14:00:00', '0000-00-00 00:00:00', 0, 0, 1),
(233, 25, '2015-01-31 14:30:00', '0000-00-00 00:00:00', 0, 0, 1),
(234, 25, '2015-01-31 15:00:00', '0000-00-00 00:00:00', 0, 0, 1),
(235, 25, '2015-01-31 15:30:00', '0000-00-00 00:00:00', 0, 0, 1),
(236, 25, '2015-01-31 16:00:00', '0000-00-00 00:00:00', 0, 0, 1),
(237, 25, '2015-01-31 16:30:00', '0000-00-00 00:00:00', 0, 0, 1),
(238, 25, '2015-01-31 17:00:00', '0000-00-00 00:00:00', 0, 0, 1),
(239, 25, '2015-01-31 17:30:00', '0000-00-00 00:00:00', 0, 0, 1),
(240, 26, '2015-01-27 15:00:00', '0000-00-00 00:00:00', 0, 0, 1),
(241, 26, '2015-01-27 15:30:00', '0000-00-00 00:00:00', 0, 0, 1),
(242, 26, '2015-01-27 16:00:00', '0000-00-00 00:00:00', 0, 0, 1),
(243, 26, '2015-01-27 16:30:00', '0000-00-00 00:00:00', 0, 0, 1),
(244, 26, '2015-01-27 17:00:00', '0000-00-00 00:00:00', 0, 0, 1),
(245, 26, '2015-01-27 17:30:00', '0000-00-00 00:00:00', 0, 0, 1),
(246, 26, '2015-01-27 18:00:00', '0000-00-00 00:00:00', 0, 0, 1),
(247, 26, '2015-01-27 18:30:00', '0000-00-00 00:00:00', 0, 0, 1),
(248, 26, '2015-01-28 09:30:00', '0000-00-00 00:00:00', 0, 0, 1),
(249, 26, '2015-01-28 10:00:00', '0000-00-00 00:00:00', 0, 0, 1),
(250, 26, '2015-01-28 10:30:00', '0000-00-00 00:00:00', 0, 0, 1),
(251, 26, '2015-01-28 11:00:00', '0000-00-00 00:00:00', 0, 0, 1),
(252, 26, '2015-01-28 11:30:00', '0000-00-00 00:00:00', 0, 0, 1),
(253, 26, '2015-01-28 12:00:00', '0000-00-00 00:00:00', 0, 0, 1),
(254, 26, '2015-01-28 14:00:00', '0000-00-00 00:00:00', 0, 0, 1),
(255, 26, '2015-01-28 14:30:00', '0000-00-00 00:00:00', 0, 0, 1),
(256, 26, '2015-01-28 15:00:00', '0000-00-00 00:00:00', 0, 0, 1),
(257, 26, '2015-01-28 15:30:00', '0000-00-00 00:00:00', 0, 0, 1),
(258, 26, '2015-01-28 16:00:00', '0000-00-00 00:00:00', 0, 0, 1),
(259, 26, '2015-01-28 16:30:00', '0000-00-00 00:00:00', 0, 0, 1),
(260, 26, '2015-01-28 17:00:00', '0000-00-00 00:00:00', 0, 0, 1),
(261, 26, '2015-01-28 17:30:00', '0000-00-00 00:00:00', 0, 0, 1),
(262, 26, '2015-01-28 18:00:00', '0000-00-00 00:00:00', 0, 0, 1),
(263, 26, '2015-01-28 18:30:00', '0000-00-00 00:00:00', 0, 0, 1),
(264, 26, '2015-01-29 09:30:00', '0000-00-00 00:00:00', 0, 0, 1),
(265, 26, '2015-01-29 10:00:00', '0000-00-00 00:00:00', 0, 0, 1),
(266, 26, '2015-01-29 10:30:00', '0000-00-00 00:00:00', 0, 0, 1),
(267, 26, '2015-01-29 11:00:00', '0000-00-00 00:00:00', 0, 0, 1),
(268, 26, '2015-01-29 11:30:00', '0000-00-00 00:00:00', 0, 0, 1),
(269, 26, '2015-01-29 12:00:00', '0000-00-00 00:00:00', 0, 0, 1),
(270, 26, '2015-01-29 14:00:00', '0000-00-00 00:00:00', 0, 0, 1),
(271, 26, '2015-01-29 14:30:00', '0000-00-00 00:00:00', 0, 0, 1),
(272, 26, '2015-01-29 15:00:00', '0000-00-00 00:00:00', 0, 0, 1),
(273, 26, '2015-01-29 15:30:00', '0000-00-00 00:00:00', 0, 0, 1),
(274, 26, '2015-01-29 16:00:00', '0000-00-00 00:00:00', 0, 0, 1),
(275, 26, '2015-01-29 16:30:00', '0000-00-00 00:00:00', 0, 0, 1),
(276, 26, '2015-01-29 17:00:00', '0000-00-00 00:00:00', 0, 0, 1),
(277, 26, '2015-01-29 17:30:00', '0000-00-00 00:00:00', 0, 0, 1),
(278, 26, '2015-01-29 18:00:00', '0000-00-00 00:00:00', 0, 0, 1),
(279, 26, '2015-01-29 18:30:00', '0000-00-00 00:00:00', 0, 0, 1),
(280, 26, '2015-01-30 09:30:00', '0000-00-00 00:00:00', 0, 0, 1),
(281, 26, '2015-01-30 10:00:00', '0000-00-00 00:00:00', 0, 0, 1),
(282, 26, '2015-01-30 10:30:00', '0000-00-00 00:00:00', 0, 0, 1),
(283, 26, '2015-01-30 11:00:00', '0000-00-00 00:00:00', 0, 0, 1),
(284, 26, '2015-01-30 11:30:00', '0000-00-00 00:00:00', 0, 0, 1),
(285, 26, '2015-01-30 12:00:00', '0000-00-00 00:00:00', 0, 0, 1),
(286, 26, '2015-01-30 14:00:00', '0000-00-00 00:00:00', 0, 0, 1),
(287, 26, '2015-01-30 14:30:00', '0000-00-00 00:00:00', 0, 0, 1),
(288, 26, '2015-01-30 15:00:00', '0000-00-00 00:00:00', 0, 0, 1),
(289, 26, '2015-01-30 15:30:00', '0000-00-00 00:00:00', 0, 0, 1),
(290, 26, '2015-01-30 16:00:00', '0000-00-00 00:00:00', 0, 0, 1),
(291, 26, '2015-01-30 16:30:00', '0000-00-00 00:00:00', 0, 0, 1),
(292, 26, '2015-01-30 17:00:00', '0000-00-00 00:00:00', 0, 0, 1),
(293, 26, '2015-01-30 17:30:00', '0000-00-00 00:00:00', 0, 0, 1),
(294, 26, '2015-01-30 18:00:00', '0000-00-00 00:00:00', 0, 0, 1),
(295, 26, '2015-01-30 18:30:00', '0000-00-00 00:00:00', 0, 0, 1),
(296, 26, '2015-01-31 09:30:00', '0000-00-00 00:00:00', 0, 0, 1),
(297, 26, '2015-01-31 10:00:00', '0000-00-00 00:00:00', 0, 0, 1),
(298, 26, '2015-01-31 10:30:00', '0000-00-00 00:00:00', 0, 0, 1),
(299, 26, '2015-01-31 11:00:00', '0000-00-00 00:00:00', 0, 0, 1),
(300, 26, '2015-01-31 11:30:00', '0000-00-00 00:00:00', 0, 0, 1),
(301, 26, '2015-01-31 12:00:00', '0000-00-00 00:00:00', 0, 0, 1),
(302, 26, '2015-01-31 14:00:00', '0000-00-00 00:00:00', 0, 0, 1),
(303, 26, '2015-01-31 14:30:00', '0000-00-00 00:00:00', 0, 0, 1),
(304, 26, '2015-01-31 15:00:00', '0000-00-00 00:00:00', 0, 0, 1),
(305, 26, '2015-01-31 15:30:00', '0000-00-00 00:00:00', 0, 0, 1),
(306, 26, '2015-01-31 16:00:00', '0000-00-00 00:00:00', 0, 0, 1),
(307, 26, '2015-01-31 16:30:00', '0000-00-00 00:00:00', 0, 0, 1),
(308, 26, '2015-01-31 17:00:00', '0000-00-00 00:00:00', 0, 0, 1),
(309, 26, '2015-01-31 17:30:00', '0000-00-00 00:00:00', 0, 0, 1),
(310, 27, '2015-01-27 15:00:00', '0000-00-00 00:00:00', 0, 0, 1),
(311, 27, '2015-01-27 15:30:00', '0000-00-00 00:00:00', 0, 0, 1),
(312, 27, '2015-01-27 16:00:00', '0000-00-00 00:00:00', 0, 0, 1),
(313, 27, '2015-01-27 16:30:00', '0000-00-00 00:00:00', 0, 0, 1),
(314, 27, '2015-01-27 17:00:00', '0000-00-00 00:00:00', 0, 0, 1),
(315, 27, '2015-01-27 17:30:00', '0000-00-00 00:00:00', 0, 0, 1),
(316, 27, '2015-01-27 18:00:00', '0000-00-00 00:00:00', 0, 0, 1),
(317, 27, '2015-01-28 09:30:00', '0000-00-00 00:00:00', 0, 0, 1),
(318, 27, '2015-01-28 10:00:00', '0000-00-00 00:00:00', 0, 0, 1),
(319, 27, '2015-01-28 10:30:00', '0000-00-00 00:00:00', 0, 0, 1),
(320, 27, '2015-01-28 11:00:00', '0000-00-00 00:00:00', 0, 0, 1),
(321, 27, '2015-01-28 11:30:00', '0000-00-00 00:00:00', 0, 0, 1),
(322, 27, '2015-01-28 14:00:00', '0000-00-00 00:00:00', 0, 0, 1),
(323, 27, '2015-01-28 14:30:00', '0000-00-00 00:00:00', 0, 0, 1),
(324, 27, '2015-01-28 15:00:00', '0000-00-00 00:00:00', 0, 0, 1),
(325, 27, '2015-01-28 15:30:00', '0000-00-00 00:00:00', 0, 0, 1),
(326, 27, '2015-01-28 16:00:00', '0000-00-00 00:00:00', 0, 0, 1),
(327, 27, '2015-01-28 16:30:00', '0000-00-00 00:00:00', 0, 0, 1),
(328, 27, '2015-01-28 17:00:00', '0000-00-00 00:00:00', 0, 0, 1),
(329, 27, '2015-01-28 17:30:00', '0000-00-00 00:00:00', 0, 0, 1),
(330, 27, '2015-01-28 18:00:00', '0000-00-00 00:00:00', 0, 0, 1),
(331, 27, '2015-01-29 09:30:00', '0000-00-00 00:00:00', 0, 0, 1),
(332, 27, '2015-01-29 10:00:00', '0000-00-00 00:00:00', 0, 0, 1),
(333, 27, '2015-01-29 10:30:00', '0000-00-00 00:00:00', 0, 0, 1),
(334, 27, '2015-01-29 11:00:00', '0000-00-00 00:00:00', 0, 0, 1),
(335, 27, '2015-01-29 11:30:00', '0000-00-00 00:00:00', 0, 0, 1),
(336, 27, '2015-01-29 14:00:00', '0000-00-00 00:00:00', 0, 0, 1),
(337, 27, '2015-01-29 14:30:00', '0000-00-00 00:00:00', 0, 0, 1),
(338, 27, '2015-01-29 15:00:00', '0000-00-00 00:00:00', 0, 0, 1),
(339, 27, '2015-01-29 15:30:00', '0000-00-00 00:00:00', 0, 0, 1),
(340, 27, '2015-01-29 16:00:00', '0000-00-00 00:00:00', 0, 0, 1),
(341, 27, '2015-01-29 16:30:00', '0000-00-00 00:00:00', 0, 0, 1),
(342, 27, '2015-01-29 17:00:00', '0000-00-00 00:00:00', 0, 0, 1),
(343, 27, '2015-01-29 17:30:00', '0000-00-00 00:00:00', 0, 0, 1),
(344, 27, '2015-01-29 18:00:00', '0000-00-00 00:00:00', 0, 0, 1),
(345, 27, '2015-01-30 09:30:00', '0000-00-00 00:00:00', 0, 0, 1),
(346, 27, '2015-01-30 10:00:00', '0000-00-00 00:00:00', 0, 0, 1),
(347, 27, '2015-01-30 10:30:00', '0000-00-00 00:00:00', 0, 0, 1),
(348, 27, '2015-01-30 11:00:00', '0000-00-00 00:00:00', 0, 0, 1),
(349, 27, '2015-01-30 11:30:00', '0000-00-00 00:00:00', 0, 0, 1),
(350, 27, '2015-01-30 14:00:00', '0000-00-00 00:00:00', 0, 0, 1),
(351, 27, '2015-01-30 14:30:00', '0000-00-00 00:00:00', 0, 0, 1),
(352, 27, '2015-01-30 15:00:00', '0000-00-00 00:00:00', 0, 0, 1),
(353, 27, '2015-01-30 15:30:00', '0000-00-00 00:00:00', 0, 0, 1),
(354, 27, '2015-01-30 16:00:00', '0000-00-00 00:00:00', 0, 0, 1),
(355, 27, '2015-01-30 16:30:00', '0000-00-00 00:00:00', 0, 0, 1),
(356, 27, '2015-01-30 17:00:00', '0000-00-00 00:00:00', 0, 0, 1),
(357, 27, '2015-01-30 17:30:00', '0000-00-00 00:00:00', 0, 0, 1),
(358, 27, '2015-01-30 18:00:00', '0000-00-00 00:00:00', 0, 0, 1),
(359, 27, '2015-01-31 09:30:00', '0000-00-00 00:00:00', 0, 0, 1),
(360, 27, '2015-01-31 10:00:00', '0000-00-00 00:00:00', 0, 0, 1),
(361, 27, '2015-01-31 10:30:00', '0000-00-00 00:00:00', 0, 0, 1),
(362, 27, '2015-01-31 11:00:00', '0000-00-00 00:00:00', 0, 0, 1),
(363, 27, '2015-01-31 11:30:00', '0000-00-00 00:00:00', 0, 0, 1),
(364, 27, '2015-01-31 14:00:00', '0000-00-00 00:00:00', 0, 0, 1),
(365, 27, '2015-01-31 14:30:00', '0000-00-00 00:00:00', 0, 0, 1),
(366, 27, '2015-01-31 15:00:00', '0000-00-00 00:00:00', 0, 0, 1),
(367, 27, '2015-01-31 15:30:00', '0000-00-00 00:00:00', 0, 0, 1),
(368, 27, '2015-01-31 16:00:00', '0000-00-00 00:00:00', 0, 0, 1),
(369, 27, '2015-01-31 16:30:00', '0000-00-00 00:00:00', 0, 0, 1),
(370, 27, '2015-01-31 17:00:00', '0000-00-00 00:00:00', 0, 0, 1),
(371, 28, '2015-01-27 15:00:00', '0000-00-00 00:00:00', 0, 0, 1),
(372, 28, '2015-01-27 15:30:00', '0000-00-00 00:00:00', 0, 0, 1),
(373, 28, '2015-01-27 16:00:00', '0000-00-00 00:00:00', 0, 0, 1),
(374, 28, '2015-01-27 16:30:00', '0000-00-00 00:00:00', 0, 0, 1),
(375, 28, '2015-01-27 17:00:00', '0000-00-00 00:00:00', 0, 0, 1),
(376, 28, '2015-01-27 17:30:00', '0000-00-00 00:00:00', 0, 0, 1),
(377, 28, '2015-01-27 18:00:00', '0000-00-00 00:00:00', 0, 0, 1),
(378, 28, '2015-01-27 18:30:00', '0000-00-00 00:00:00', 0, 0, 1),
(379, 28, '2015-01-28 09:30:00', '0000-00-00 00:00:00', 0, 0, 1),
(380, 28, '2015-01-28 10:00:00', '0000-00-00 00:00:00', 0, 0, 1),
(381, 28, '2015-01-28 10:30:00', '0000-00-00 00:00:00', 0, 0, 1),
(382, 28, '2015-01-28 11:00:00', '0000-00-00 00:00:00', 0, 0, 1),
(383, 28, '2015-01-28 11:30:00', '0000-00-00 00:00:00', 0, 0, 1),
(384, 28, '2015-01-28 12:00:00', '0000-00-00 00:00:00', 0, 0, 1),
(385, 28, '2015-01-28 14:00:00', '0000-00-00 00:00:00', 0, 0, 1),
(386, 28, '2015-01-28 14:30:00', '0000-00-00 00:00:00', 0, 0, 1),
(387, 28, '2015-01-28 15:00:00', '0000-00-00 00:00:00', 0, 0, 1),
(388, 28, '2015-01-28 15:30:00', '0000-00-00 00:00:00', 0, 0, 1),
(389, 28, '2015-01-28 16:00:00', '0000-00-00 00:00:00', 0, 0, 1),
(390, 28, '2015-01-28 16:30:00', '0000-00-00 00:00:00', 0, 0, 1),
(391, 28, '2015-01-28 17:00:00', '0000-00-00 00:00:00', 0, 0, 1),
(392, 28, '2015-01-28 17:30:00', '0000-00-00 00:00:00', 0, 0, 1),
(393, 28, '2015-01-28 18:00:00', '0000-00-00 00:00:00', 0, 0, 1),
(394, 28, '2015-01-28 18:30:00', '0000-00-00 00:00:00', 0, 0, 1),
(395, 28, '2015-01-29 09:30:00', '0000-00-00 00:00:00', 0, 0, 1),
(396, 28, '2015-01-29 10:00:00', '0000-00-00 00:00:00', 0, 0, 1),
(397, 28, '2015-01-29 10:30:00', '0000-00-00 00:00:00', 0, 0, 1),
(398, 28, '2015-01-29 11:00:00', '0000-00-00 00:00:00', 0, 0, 1),
(399, 28, '2015-01-29 11:30:00', '0000-00-00 00:00:00', 0, 0, 1),
(400, 28, '2015-01-29 12:00:00', '0000-00-00 00:00:00', 0, 0, 1),
(401, 28, '2015-01-29 14:00:00', '0000-00-00 00:00:00', 0, 0, 1),
(402, 28, '2015-01-29 14:30:00', '0000-00-00 00:00:00', 0, 0, 1),
(403, 28, '2015-01-29 15:00:00', '0000-00-00 00:00:00', 0, 0, 1),
(404, 28, '2015-01-29 15:30:00', '0000-00-00 00:00:00', 0, 0, 1),
(405, 28, '2015-01-29 16:00:00', '0000-00-00 00:00:00', 0, 0, 1),
(406, 28, '2015-01-29 16:30:00', '0000-00-00 00:00:00', 0, 0, 1),
(407, 28, '2015-01-29 17:00:00', '0000-00-00 00:00:00', 0, 0, 1),
(408, 28, '2015-01-29 17:30:00', '0000-00-00 00:00:00', 0, 0, 1),
(409, 28, '2015-01-29 18:00:00', '0000-00-00 00:00:00', 0, 0, 1),
(410, 28, '2015-01-29 18:30:00', '0000-00-00 00:00:00', 0, 0, 1),
(411, 28, '2015-01-30 09:30:00', '0000-00-00 00:00:00', 0, 0, 1),
(412, 28, '2015-01-30 10:00:00', '0000-00-00 00:00:00', 0, 0, 1),
(413, 28, '2015-01-30 10:30:00', '0000-00-00 00:00:00', 0, 0, 1),
(414, 28, '2015-01-30 11:00:00', '0000-00-00 00:00:00', 0, 0, 1),
(415, 28, '2015-01-30 11:30:00', '0000-00-00 00:00:00', 0, 0, 1),
(416, 28, '2015-01-30 12:00:00', '0000-00-00 00:00:00', 0, 0, 1),
(417, 28, '2015-01-30 14:00:00', '0000-00-00 00:00:00', 0, 0, 1),
(418, 28, '2015-01-30 14:30:00', '0000-00-00 00:00:00', 0, 0, 1),
(419, 28, '2015-01-30 15:00:00', '0000-00-00 00:00:00', 0, 0, 1),
(420, 28, '2015-01-30 15:30:00', '0000-00-00 00:00:00', 0, 0, 1),
(421, 28, '2015-01-30 16:00:00', '0000-00-00 00:00:00', 0, 0, 1),
(422, 28, '2015-01-30 16:30:00', '0000-00-00 00:00:00', 0, 0, 1),
(423, 28, '2015-01-30 17:00:00', '0000-00-00 00:00:00', 0, 0, 1),
(424, 28, '2015-01-30 17:30:00', '0000-00-00 00:00:00', 0, 0, 1),
(425, 28, '2015-01-30 18:00:00', '0000-00-00 00:00:00', 0, 0, 1),
(426, 28, '2015-01-30 18:30:00', '0000-00-00 00:00:00', 0, 0, 1),
(427, 28, '2015-01-31 09:30:00', '0000-00-00 00:00:00', 0, 0, 1),
(428, 28, '2015-01-31 10:00:00', '0000-00-00 00:00:00', 0, 0, 1),
(429, 28, '2015-01-31 10:30:00', '0000-00-00 00:00:00', 0, 0, 1),
(430, 28, '2015-01-31 11:00:00', '0000-00-00 00:00:00', 0, 0, 1),
(431, 28, '2015-01-31 11:30:00', '0000-00-00 00:00:00', 0, 0, 1),
(432, 28, '2015-01-31 12:00:00', '0000-00-00 00:00:00', 0, 0, 1),
(433, 28, '2015-01-31 14:00:00', '0000-00-00 00:00:00', 0, 0, 1),
(434, 28, '2015-01-31 14:30:00', '0000-00-00 00:00:00', 0, 0, 1),
(435, 28, '2015-01-31 15:00:00', '0000-00-00 00:00:00', 0, 0, 1),
(436, 28, '2015-01-31 15:30:00', '0000-00-00 00:00:00', 0, 0, 1),
(437, 28, '2015-01-31 16:00:00', '0000-00-00 00:00:00', 0, 0, 1),
(438, 28, '2015-01-31 16:30:00', '0000-00-00 00:00:00', 0, 0, 1),
(439, 28, '2015-01-31 17:00:00', '0000-00-00 00:00:00', 0, 0, 1),
(440, 28, '2015-01-31 17:30:00', '0000-00-00 00:00:00', 0, 0, 1),
(441, 29, '2015-01-27 15:00:00', '0000-00-00 00:00:00', 0, 0, 1),
(442, 29, '2015-01-27 15:30:00', '0000-00-00 00:00:00', 0, 0, 1),
(443, 29, '2015-01-27 16:00:00', '0000-00-00 00:00:00', 0, 0, 1),
(444, 29, '2015-01-27 16:30:00', '0000-00-00 00:00:00', 0, 0, 1),
(445, 29, '2015-01-27 17:00:00', '0000-00-00 00:00:00', 0, 0, 1),
(446, 29, '2015-01-27 17:30:00', '0000-00-00 00:00:00', 0, 0, 1),
(447, 29, '2015-01-27 18:00:00', '0000-00-00 00:00:00', 0, 0, 1),
(448, 29, '2015-01-27 18:30:00', '0000-00-00 00:00:00', 0, 0, 1),
(449, 29, '2015-01-28 09:30:00', '0000-00-00 00:00:00', 0, 0, 1),
(450, 29, '2015-01-28 10:00:00', '0000-00-00 00:00:00', 0, 0, 1),
(451, 29, '2015-01-28 10:30:00', '0000-00-00 00:00:00', 0, 0, 1),
(452, 29, '2015-01-28 11:00:00', '0000-00-00 00:00:00', 0, 0, 1),
(453, 29, '2015-01-28 11:30:00', '0000-00-00 00:00:00', 0, 0, 1),
(454, 29, '2015-01-28 12:00:00', '0000-00-00 00:00:00', 0, 0, 1),
(455, 29, '2015-01-28 14:00:00', '0000-00-00 00:00:00', 0, 0, 1),
(456, 29, '2015-01-28 14:30:00', '0000-00-00 00:00:00', 0, 0, 1),
(457, 29, '2015-01-28 15:00:00', '0000-00-00 00:00:00', 0, 0, 1),
(458, 29, '2015-01-28 15:30:00', '0000-00-00 00:00:00', 0, 0, 1),
(459, 29, '2015-01-28 16:00:00', '0000-00-00 00:00:00', 0, 0, 1),
(460, 29, '2015-01-28 16:30:00', '0000-00-00 00:00:00', 0, 0, 1),
(461, 29, '2015-01-28 17:00:00', '0000-00-00 00:00:00', 0, 0, 1),
(462, 29, '2015-01-28 17:30:00', '0000-00-00 00:00:00', 0, 0, 1),
(463, 29, '2015-01-28 18:00:00', '0000-00-00 00:00:00', 0, 0, 1),
(464, 29, '2015-01-28 18:30:00', '0000-00-00 00:00:00', 0, 0, 1),
(465, 29, '2015-01-29 09:30:00', '0000-00-00 00:00:00', 0, 0, 1),
(466, 29, '2015-01-29 10:00:00', '0000-00-00 00:00:00', 0, 0, 1),
(467, 29, '2015-01-29 10:30:00', '0000-00-00 00:00:00', 0, 0, 1),
(468, 29, '2015-01-29 11:00:00', '0000-00-00 00:00:00', 0, 0, 1),
(469, 29, '2015-01-29 11:30:00', '0000-00-00 00:00:00', 0, 0, 1),
(470, 29, '2015-01-29 12:00:00', '0000-00-00 00:00:00', 0, 0, 1),
(471, 29, '2015-01-29 14:00:00', '0000-00-00 00:00:00', 0, 0, 1),
(472, 29, '2015-01-29 14:30:00', '0000-00-00 00:00:00', 0, 0, 1),
(473, 29, '2015-01-29 15:00:00', '0000-00-00 00:00:00', 0, 0, 1),
(474, 29, '2015-01-29 15:30:00', '0000-00-00 00:00:00', 0, 0, 1),
(475, 29, '2015-01-29 16:00:00', '0000-00-00 00:00:00', 0, 0, 1),
(476, 29, '2015-01-29 16:30:00', '0000-00-00 00:00:00', 0, 0, 1),
(477, 29, '2015-01-29 17:00:00', '0000-00-00 00:00:00', 0, 0, 1),
(478, 29, '2015-01-29 17:30:00', '0000-00-00 00:00:00', 0, 0, 1),
(479, 29, '2015-01-29 18:00:00', '0000-00-00 00:00:00', 0, 0, 1),
(480, 29, '2015-01-29 18:30:00', '0000-00-00 00:00:00', 0, 0, 1),
(481, 29, '2015-01-30 09:30:00', '0000-00-00 00:00:00', 0, 0, 1),
(482, 29, '2015-01-30 10:00:00', '0000-00-00 00:00:00', 0, 0, 1),
(483, 29, '2015-01-30 10:30:00', '0000-00-00 00:00:00', 0, 0, 1),
(484, 29, '2015-01-30 11:00:00', '0000-00-00 00:00:00', 0, 0, 1),
(485, 29, '2015-01-30 11:30:00', '0000-00-00 00:00:00', 0, 0, 1),
(486, 29, '2015-01-30 12:00:00', '0000-00-00 00:00:00', 0, 0, 1),
(487, 29, '2015-01-30 14:00:00', '0000-00-00 00:00:00', 0, 0, 1),
(488, 29, '2015-01-30 14:30:00', '0000-00-00 00:00:00', 0, 0, 1),
(489, 29, '2015-01-30 15:00:00', '0000-00-00 00:00:00', 0, 0, 1),
(490, 29, '2015-01-30 15:30:00', '0000-00-00 00:00:00', 0, 0, 1),
(491, 29, '2015-01-30 16:00:00', '0000-00-00 00:00:00', 0, 0, 1),
(492, 29, '2015-01-30 16:30:00', '0000-00-00 00:00:00', 0, 0, 1),
(493, 29, '2015-01-30 17:00:00', '0000-00-00 00:00:00', 0, 0, 1),
(494, 29, '2015-01-30 17:30:00', '0000-00-00 00:00:00', 0, 0, 1),
(495, 29, '2015-01-30 18:00:00', '0000-00-00 00:00:00', 0, 0, 1),
(496, 29, '2015-01-30 18:30:00', '0000-00-00 00:00:00', 0, 0, 1),
(497, 29, '2015-01-31 09:30:00', '0000-00-00 00:00:00', 0, 0, 1),
(498, 29, '2015-01-31 10:00:00', '0000-00-00 00:00:00', 0, 0, 1),
(499, 29, '2015-01-31 10:30:00', '0000-00-00 00:00:00', 0, 0, 1),
(500, 29, '2015-01-31 11:00:00', '0000-00-00 00:00:00', 0, 0, 1),
(501, 29, '2015-01-31 11:30:00', '0000-00-00 00:00:00', 0, 0, 1),
(502, 29, '2015-01-31 12:00:00', '0000-00-00 00:00:00', 0, 0, 1),
(503, 29, '2015-01-31 14:00:00', '0000-00-00 00:00:00', 0, 0, 1),
(504, 29, '2015-01-31 14:30:00', '0000-00-00 00:00:00', 0, 0, 1),
(505, 29, '2015-01-31 15:00:00', '0000-00-00 00:00:00', 0, 0, 1),
(506, 29, '2015-01-31 15:30:00', '0000-00-00 00:00:00', 0, 0, 1),
(507, 29, '2015-01-31 16:00:00', '0000-00-00 00:00:00', 0, 0, 1),
(508, 29, '2015-01-31 16:30:00', '0000-00-00 00:00:00', 0, 0, 1),
(509, 29, '2015-01-31 17:00:00', '0000-00-00 00:00:00', 0, 0, 1),
(510, 29, '2015-01-31 17:30:00', '0000-00-00 00:00:00', 0, 0, 1),
(511, 30, '2015-01-27 15:00:00', '0000-00-00 00:00:00', 0, 0, 1),
(512, 30, '2015-01-27 15:30:00', '0000-00-00 00:00:00', 0, 0, 1),
(513, 30, '2015-01-27 16:00:00', '0000-00-00 00:00:00', 0, 0, 1),
(514, 30, '2015-01-27 16:30:00', '0000-00-00 00:00:00', 0, 0, 1),
(515, 30, '2015-01-27 17:00:00', '0000-00-00 00:00:00', 0, 0, 1),
(516, 30, '2015-01-27 17:30:00', '0000-00-00 00:00:00', 0, 0, 1),
(517, 30, '2015-01-27 18:00:00', '0000-00-00 00:00:00', 0, 0, 1),
(518, 30, '2015-01-27 18:30:00', '0000-00-00 00:00:00', 0, 0, 1),
(519, 30, '2015-01-28 09:30:00', '0000-00-00 00:00:00', 0, 0, 1),
(520, 30, '2015-01-28 10:00:00', '0000-00-00 00:00:00', 0, 0, 1),
(521, 30, '2015-01-28 10:30:00', '0000-00-00 00:00:00', 0, 0, 1),
(522, 30, '2015-01-28 11:00:00', '0000-00-00 00:00:00', 0, 0, 1),
(523, 30, '2015-01-28 11:30:00', '0000-00-00 00:00:00', 0, 0, 1),
(524, 30, '2015-01-28 12:00:00', '0000-00-00 00:00:00', 0, 0, 1),
(525, 30, '2015-01-28 14:00:00', '0000-00-00 00:00:00', 0, 0, 1),
(526, 30, '2015-01-28 14:30:00', '0000-00-00 00:00:00', 0, 0, 1),
(527, 30, '2015-01-28 15:00:00', '0000-00-00 00:00:00', 0, 0, 1),
(528, 30, '2015-01-28 15:30:00', '0000-00-00 00:00:00', 0, 0, 1),
(529, 30, '2015-01-28 16:00:00', '0000-00-00 00:00:00', 0, 0, 1),
(530, 30, '2015-01-28 16:30:00', '0000-00-00 00:00:00', 0, 0, 1),
(531, 30, '2015-01-28 17:00:00', '0000-00-00 00:00:00', 0, 0, 1),
(532, 30, '2015-01-28 17:30:00', '0000-00-00 00:00:00', 0, 0, 1),
(533, 30, '2015-01-28 18:00:00', '0000-00-00 00:00:00', 0, 0, 1),
(534, 30, '2015-01-28 18:30:00', '0000-00-00 00:00:00', 0, 0, 1),
(535, 30, '2015-01-29 09:30:00', '0000-00-00 00:00:00', 0, 0, 1),
(536, 30, '2015-01-29 10:00:00', '0000-00-00 00:00:00', 0, 0, 1),
(537, 30, '2015-01-29 10:30:00', '0000-00-00 00:00:00', 0, 0, 1),
(538, 30, '2015-01-29 11:00:00', '0000-00-00 00:00:00', 0, 0, 1),
(539, 30, '2015-01-29 11:30:00', '0000-00-00 00:00:00', 0, 0, 1),
(540, 30, '2015-01-29 12:00:00', '0000-00-00 00:00:00', 0, 0, 1),
(541, 30, '2015-01-29 14:00:00', '0000-00-00 00:00:00', 0, 0, 1),
(542, 30, '2015-01-29 14:30:00', '0000-00-00 00:00:00', 0, 0, 1),
(543, 30, '2015-01-29 15:00:00', '0000-00-00 00:00:00', 0, 0, 1),
(544, 30, '2015-01-29 15:30:00', '0000-00-00 00:00:00', 0, 0, 1),
(545, 30, '2015-01-29 16:00:00', '0000-00-00 00:00:00', 0, 0, 1),
(546, 30, '2015-01-29 16:30:00', '0000-00-00 00:00:00', 0, 0, 1),
(547, 30, '2015-01-29 17:00:00', '0000-00-00 00:00:00', 0, 0, 1),
(548, 30, '2015-01-29 17:30:00', '0000-00-00 00:00:00', 0, 0, 1),
(549, 30, '2015-01-29 18:00:00', '0000-00-00 00:00:00', 0, 0, 1),
(550, 30, '2015-01-29 18:30:00', '0000-00-00 00:00:00', 0, 0, 1),
(551, 30, '2015-01-30 09:30:00', '0000-00-00 00:00:00', 0, 0, 1),
(552, 30, '2015-01-30 10:00:00', '0000-00-00 00:00:00', 0, 0, 1),
(553, 30, '2015-01-30 10:30:00', '0000-00-00 00:00:00', 0, 0, 1),
(554, 30, '2015-01-30 11:00:00', '0000-00-00 00:00:00', 0, 0, 1),
(555, 30, '2015-01-30 11:30:00', '0000-00-00 00:00:00', 0, 0, 1),
(556, 30, '2015-01-30 12:00:00', '0000-00-00 00:00:00', 0, 0, 1),
(557, 30, '2015-01-30 14:00:00', '0000-00-00 00:00:00', 0, 0, 1),
(558, 30, '2015-01-30 14:30:00', '0000-00-00 00:00:00', 0, 0, 1),
(559, 30, '2015-01-30 15:00:00', '0000-00-00 00:00:00', 0, 0, 1),
(560, 30, '2015-01-30 15:30:00', '0000-00-00 00:00:00', 0, 0, 1),
(561, 30, '2015-01-30 16:00:00', '0000-00-00 00:00:00', 0, 0, 1),
(562, 30, '2015-01-30 16:30:00', '0000-00-00 00:00:00', 0, 0, 1),
(563, 30, '2015-01-30 17:00:00', '0000-00-00 00:00:00', 0, 0, 1),
(564, 30, '2015-01-30 17:30:00', '0000-00-00 00:00:00', 0, 0, 1),
(565, 30, '2015-01-30 18:00:00', '0000-00-00 00:00:00', 0, 0, 1),
(566, 30, '2015-01-30 18:30:00', '0000-00-00 00:00:00', 0, 0, 1),
(567, 30, '2015-01-31 09:30:00', '0000-00-00 00:00:00', 0, 0, 1),
(568, 30, '2015-01-31 10:00:00', '0000-00-00 00:00:00', 0, 0, 1),
(569, 30, '2015-01-31 10:30:00', '0000-00-00 00:00:00', 0, 0, 1),
(570, 30, '2015-01-31 11:00:00', '0000-00-00 00:00:00', 0, 0, 1),
(571, 30, '2015-01-31 11:30:00', '0000-00-00 00:00:00', 0, 0, 1),
(572, 30, '2015-01-31 12:00:00', '0000-00-00 00:00:00', 0, 0, 1),
(573, 30, '2015-01-31 14:00:00', '0000-00-00 00:00:00', 0, 0, 1),
(574, 30, '2015-01-31 14:30:00', '0000-00-00 00:00:00', 0, 0, 1),
(575, 30, '2015-01-31 15:00:00', '0000-00-00 00:00:00', 0, 0, 1),
(576, 30, '2015-01-31 15:30:00', '0000-00-00 00:00:00', 0, 0, 1),
(577, 30, '2015-01-31 16:00:00', '0000-00-00 00:00:00', 0, 0, 1),
(578, 30, '2015-01-31 16:30:00', '0000-00-00 00:00:00', 0, 0, 1),
(579, 30, '2015-01-31 17:00:00', '0000-00-00 00:00:00', 0, 0, 1),
(580, 30, '2015-01-31 17:30:00', '0000-00-00 00:00:00', 0, 0, 1),
(581, 31, '2015-01-27 15:00:00', '0000-00-00 00:00:00', 0, 0, 1),
(582, 31, '2015-01-27 15:30:00', '0000-00-00 00:00:00', 0, 0, 1),
(583, 31, '2015-01-27 16:00:00', '0000-00-00 00:00:00', 0, 0, 1),
(584, 31, '2015-01-27 16:30:00', '0000-00-00 00:00:00', 0, 0, 1),
(585, 31, '2015-01-27 17:00:00', '0000-00-00 00:00:00', 0, 0, 1),
(586, 31, '2015-01-27 17:30:00', '0000-00-00 00:00:00', 0, 0, 1),
(587, 31, '2015-01-27 18:00:00', '0000-00-00 00:00:00', 0, 0, 1),
(588, 31, '2015-01-27 18:30:00', '0000-00-00 00:00:00', 0, 0, 1),
(589, 31, '2015-01-28 09:30:00', '0000-00-00 00:00:00', 0, 0, 1),
(590, 31, '2015-01-28 10:00:00', '0000-00-00 00:00:00', 0, 0, 1),
(591, 31, '2015-01-28 10:30:00', '0000-00-00 00:00:00', 0, 0, 1),
(592, 31, '2015-01-28 11:00:00', '0000-00-00 00:00:00', 0, 0, 1),
(593, 31, '2015-01-28 11:30:00', '0000-00-00 00:00:00', 0, 0, 1),
(594, 31, '2015-01-28 12:00:00', '0000-00-00 00:00:00', 0, 0, 1),
(595, 31, '2015-01-28 14:00:00', '0000-00-00 00:00:00', 0, 0, 1),
(596, 31, '2015-01-28 14:30:00', '0000-00-00 00:00:00', 0, 0, 1),
(597, 31, '2015-01-28 15:00:00', '0000-00-00 00:00:00', 0, 0, 1),
(598, 31, '2015-01-28 15:30:00', '0000-00-00 00:00:00', 0, 0, 1),
(599, 31, '2015-01-28 16:00:00', '0000-00-00 00:00:00', 0, 0, 1),
(600, 31, '2015-01-28 16:30:00', '0000-00-00 00:00:00', 0, 0, 1),
(601, 31, '2015-01-28 17:00:00', '0000-00-00 00:00:00', 0, 0, 1),
(602, 31, '2015-01-28 17:30:00', '0000-00-00 00:00:00', 0, 0, 1),
(603, 31, '2015-01-28 18:00:00', '0000-00-00 00:00:00', 0, 0, 1),
(604, 31, '2015-01-28 18:30:00', '0000-00-00 00:00:00', 0, 0, 1),
(605, 31, '2015-01-29 09:30:00', '0000-00-00 00:00:00', 0, 0, 1),
(606, 31, '2015-01-29 10:00:00', '0000-00-00 00:00:00', 0, 0, 1),
(607, 31, '2015-01-29 10:30:00', '0000-00-00 00:00:00', 0, 0, 1),
(608, 31, '2015-01-29 11:00:00', '0000-00-00 00:00:00', 0, 0, 1),
(609, 31, '2015-01-29 11:30:00', '0000-00-00 00:00:00', 0, 0, 1),
(610, 31, '2015-01-29 12:00:00', '0000-00-00 00:00:00', 0, 0, 1),
(611, 31, '2015-01-29 14:00:00', '0000-00-00 00:00:00', 0, 0, 1),
(612, 31, '2015-01-29 14:30:00', '0000-00-00 00:00:00', 0, 0, 1),
(613, 31, '2015-01-29 15:00:00', '0000-00-00 00:00:00', 0, 0, 1),
(614, 31, '2015-01-29 15:30:00', '0000-00-00 00:00:00', 0, 0, 1),
(615, 31, '2015-01-29 16:00:00', '0000-00-00 00:00:00', 0, 0, 1),
(616, 31, '2015-01-29 16:30:00', '0000-00-00 00:00:00', 0, 0, 1),
(617, 31, '2015-01-29 17:00:00', '0000-00-00 00:00:00', 0, 0, 1),
(618, 31, '2015-01-29 17:30:00', '0000-00-00 00:00:00', 0, 0, 1),
(619, 31, '2015-01-29 18:00:00', '0000-00-00 00:00:00', 0, 0, 1),
(620, 31, '2015-01-29 18:30:00', '0000-00-00 00:00:00', 0, 0, 1),
(621, 31, '2015-01-30 09:30:00', '0000-00-00 00:00:00', 0, 0, 1),
(622, 31, '2015-01-30 10:00:00', '0000-00-00 00:00:00', 0, 0, 1),
(623, 31, '2015-01-30 10:30:00', '0000-00-00 00:00:00', 0, 0, 1),
(624, 31, '2015-01-30 11:00:00', '0000-00-00 00:00:00', 0, 0, 1),
(625, 31, '2015-01-30 11:30:00', '0000-00-00 00:00:00', 0, 0, 1),
(626, 31, '2015-01-30 12:00:00', '0000-00-00 00:00:00', 0, 0, 1),
(627, 31, '2015-01-30 14:00:00', '0000-00-00 00:00:00', 0, 0, 1),
(628, 31, '2015-01-30 14:30:00', '0000-00-00 00:00:00', 0, 0, 1),
(629, 31, '2015-01-30 15:00:00', '0000-00-00 00:00:00', 0, 0, 1),
(630, 31, '2015-01-30 15:30:00', '0000-00-00 00:00:00', 0, 0, 1),
(631, 31, '2015-01-30 16:00:00', '0000-00-00 00:00:00', 0, 0, 1),
(632, 31, '2015-01-30 16:30:00', '0000-00-00 00:00:00', 0, 0, 1),
(633, 31, '2015-01-30 17:00:00', '0000-00-00 00:00:00', 0, 0, 1),
(634, 31, '2015-01-30 17:30:00', '0000-00-00 00:00:00', 0, 0, 1),
(635, 31, '2015-01-30 18:00:00', '0000-00-00 00:00:00', 0, 0, 1),
(636, 31, '2015-01-30 18:30:00', '0000-00-00 00:00:00', 0, 0, 1),
(637, 31, '2015-01-31 09:30:00', '0000-00-00 00:00:00', 0, 0, 1),
(638, 31, '2015-01-31 10:00:00', '0000-00-00 00:00:00', 0, 0, 1),
(639, 31, '2015-01-31 10:30:00', '0000-00-00 00:00:00', 0, 0, 1),
(640, 31, '2015-01-31 11:00:00', '0000-00-00 00:00:00', 0, 0, 1),
(641, 31, '2015-01-31 11:30:00', '0000-00-00 00:00:00', 0, 0, 1),
(642, 31, '2015-01-31 12:00:00', '0000-00-00 00:00:00', 0, 0, 1),
(643, 31, '2015-01-31 14:00:00', '0000-00-00 00:00:00', 0, 0, 1),
(644, 31, '2015-01-31 14:30:00', '0000-00-00 00:00:00', 0, 0, 1),
(645, 31, '2015-01-31 15:00:00', '0000-00-00 00:00:00', 0, 0, 1),
(646, 31, '2015-01-31 15:30:00', '0000-00-00 00:00:00', 0, 0, 1),
(647, 31, '2015-01-31 16:00:00', '0000-00-00 00:00:00', 0, 0, 1),
(648, 31, '2015-01-31 16:30:00', '0000-00-00 00:00:00', 0, 0, 1),
(649, 31, '2015-01-31 17:00:00', '0000-00-00 00:00:00', 0, 0, 1),
(650, 31, '2015-01-31 17:30:00', '0000-00-00 00:00:00', 0, 0, 1),
(651, 32, '2015-01-27 17:15:00', '0000-00-00 00:00:00', 0, 0, 1),
(652, 32, '2015-01-28 14:45:00', '0000-00-00 00:00:00', 0, 0, 1),
(653, 32, '2015-01-29 10:00:00', '0000-00-00 00:00:00', 0, 0, 1),
(654, 32, '2015-01-29 10:45:00', '0000-00-00 00:00:00', 0, 0, 1),
(655, 32, '2015-01-29 11:30:00', '0000-00-00 00:00:00', 0, 0, 1),
(656, 32, '2015-01-29 12:15:00', '0000-00-00 00:00:00', 0, 0, 1),
(657, 32, '2015-01-29 13:00:00', '0000-00-00 00:00:00', 0, 0, 1),
(658, 32, '2015-01-30 14:00:00', '0000-00-00 00:00:00', 0, 0, 1),
(659, 32, '2015-01-30 14:45:00', '0000-00-00 00:00:00', 0, 0, 1),
(660, 32, '2015-01-30 15:30:00', '0000-00-00 00:00:00', 0, 0, 1),
(661, 32, '2015-01-30 16:15:00', '0000-00-00 00:00:00', 0, 0, 1),
(662, 32, '2015-01-30 17:00:00', '0000-00-00 00:00:00', 0, 0, 1),
(663, 32, '2015-02-02 10:00:00', '0000-00-00 00:00:00', 0, 0, 1),
(664, 32, '2015-02-02 10:45:00', '0000-00-00 00:00:00', 0, 0, 1),
(665, 32, '2015-02-02 13:00:00', '0000-00-00 00:00:00', 0, 0, 1),
(666, 32, '2015-02-02 13:45:00', '0000-00-00 00:00:00', 0, 0, 1),
(667, 32, '2015-02-02 14:30:00', '0000-00-00 00:00:00', 0, 0, 1),
(668, 32, '2015-02-02 15:15:00', '0000-00-00 00:00:00', 0, 0, 1),
(669, 32, '2015-02-02 16:00:00', '0000-00-00 00:00:00', 0, 0, 1),
(670, 32, '2015-02-02 16:45:00', '0000-00-00 00:00:00', 0, 0, 1),
(671, 32, '2015-02-02 18:15:00', '0000-00-00 00:00:00', 0, 0, 1),
(672, 32, '2015-02-02 19:00:00', '0000-00-00 00:00:00', 0, 0, 1),
(673, 32, '2015-02-02 19:45:00', '0000-00-00 00:00:00', 0, 0, 1),
(674, 34, '2015-01-27 17:15:00', '0000-00-00 00:00:00', 0, 0, 1),
(675, 34, '2015-01-28 14:45:00', '0000-00-00 00:00:00', 0, 0, 1),
(676, 34, '2015-01-29 10:00:00', '0000-00-00 00:00:00', 0, 0, 1),
(677, 34, '2015-01-29 10:45:00', '0000-00-00 00:00:00', 0, 0, 1),
(678, 34, '2015-01-29 11:30:00', '0000-00-00 00:00:00', 0, 0, 1),
(679, 34, '2015-01-29 12:15:00', '0000-00-00 00:00:00', 0, 0, 1),
(680, 34, '2015-01-29 13:00:00', '0000-00-00 00:00:00', 0, 0, 1),
(681, 34, '2015-01-30 14:00:00', '0000-00-00 00:00:00', 0, 0, 1),
(682, 34, '2015-01-30 14:45:00', '0000-00-00 00:00:00', 0, 0, 1),
(683, 34, '2015-01-30 15:30:00', '0000-00-00 00:00:00', 0, 0, 1),
(684, 34, '2015-01-30 16:15:00', '0000-00-00 00:00:00', 0, 0, 1),
(685, 34, '2015-01-30 17:00:00', '0000-00-00 00:00:00', 0, 0, 1),
(686, 34, '2015-02-02 10:00:00', '0000-00-00 00:00:00', 0, 0, 1),
(687, 34, '2015-02-02 10:45:00', '0000-00-00 00:00:00', 0, 0, 1),
(688, 34, '2015-02-02 13:00:00', '0000-00-00 00:00:00', 0, 0, 1),
(689, 34, '2015-02-02 13:45:00', '0000-00-00 00:00:00', 0, 0, 1),
(690, 34, '2015-02-02 14:30:00', '0000-00-00 00:00:00', 0, 0, 1),
(691, 34, '2015-02-02 15:15:00', '0000-00-00 00:00:00', 0, 0, 1),
(692, 34, '2015-02-02 16:00:00', '0000-00-00 00:00:00', 0, 0, 1),
(693, 34, '2015-02-02 16:45:00', '0000-00-00 00:00:00', 0, 0, 1),
(694, 34, '2015-02-02 18:15:00', '0000-00-00 00:00:00', 0, 0, 1),
(695, 34, '2015-02-02 19:00:00', '0000-00-00 00:00:00', 0, 0, 1),
(696, 34, '2015-02-02 19:45:00', '0000-00-00 00:00:00', 0, 0, 1),
(697, 36, '2015-01-27 17:15:00', '0000-00-00 00:00:00', 0, 0, 1),
(698, 36, '2015-01-28 14:45:00', '0000-00-00 00:00:00', 0, 0, 1),
(699, 36, '2015-01-29 10:00:00', '0000-00-00 00:00:00', 0, 0, 1),
(700, 36, '2015-01-29 10:45:00', '0000-00-00 00:00:00', 0, 0, 1),
(701, 36, '2015-01-29 11:30:00', '0000-00-00 00:00:00', 0, 0, 1),
(702, 36, '2015-01-29 12:15:00', '0000-00-00 00:00:00', 0, 0, 1),
(703, 36, '2015-01-29 13:00:00', '0000-00-00 00:00:00', 0, 0, 1),
(704, 36, '2015-01-30 14:00:00', '0000-00-00 00:00:00', 0, 0, 1),
(705, 36, '2015-01-30 14:45:00', '0000-00-00 00:00:00', 0, 0, 1),
(706, 36, '2015-01-30 15:30:00', '0000-00-00 00:00:00', 0, 0, 1),
(707, 36, '2015-01-30 16:15:00', '0000-00-00 00:00:00', 0, 0, 1),
(708, 36, '2015-01-30 17:00:00', '0000-00-00 00:00:00', 0, 0, 1),
(709, 36, '2015-02-02 10:00:00', '0000-00-00 00:00:00', 0, 0, 1),
(710, 36, '2015-02-02 10:45:00', '0000-00-00 00:00:00', 0, 0, 1),
(711, 36, '2015-02-02 13:00:00', '0000-00-00 00:00:00', 0, 0, 1),
(712, 36, '2015-02-02 13:45:00', '0000-00-00 00:00:00', 0, 0, 1),
(713, 36, '2015-02-02 14:30:00', '0000-00-00 00:00:00', 0, 0, 1),
(714, 36, '2015-02-02 15:15:00', '0000-00-00 00:00:00', 0, 0, 1),
(715, 36, '2015-02-02 16:00:00', '0000-00-00 00:00:00', 0, 0, 1),
(716, 36, '2015-02-02 16:45:00', '0000-00-00 00:00:00', 0, 0, 1),
(717, 36, '2015-02-02 18:15:00', '0000-00-00 00:00:00', 0, 0, 1),
(718, 36, '2015-02-02 19:00:00', '0000-00-00 00:00:00', 0, 0, 1),
(719, 36, '2015-02-02 19:45:00', '0000-00-00 00:00:00', 0, 0, 1),
(720, 38, '2015-01-27 17:15:00', '0000-00-00 00:00:00', 0, 0, 1),
(721, 38, '2015-01-28 14:45:00', '0000-00-00 00:00:00', 0, 0, 1),
(722, 38, '2015-01-29 10:00:00', '0000-00-00 00:00:00', 0, 0, 1),
(723, 38, '2015-01-29 10:45:00', '0000-00-00 00:00:00', 0, 0, 1),
(724, 38, '2015-01-29 11:30:00', '0000-00-00 00:00:00', 0, 0, 1),
(725, 38, '2015-01-29 12:15:00', '0000-00-00 00:00:00', 0, 0, 1),
(726, 38, '2015-01-29 13:00:00', '0000-00-00 00:00:00', 0, 0, 1),
(727, 38, '2015-01-30 14:00:00', '0000-00-00 00:00:00', 0, 0, 1),
(728, 38, '2015-01-30 14:45:00', '0000-00-00 00:00:00', 0, 0, 1),
(729, 38, '2015-01-30 15:30:00', '0000-00-00 00:00:00', 0, 0, 1),
(730, 38, '2015-01-30 16:15:00', '0000-00-00 00:00:00', 0, 0, 1),
(731, 38, '2015-01-30 17:00:00', '0000-00-00 00:00:00', 0, 0, 1),
(732, 38, '2015-02-02 10:00:00', '0000-00-00 00:00:00', 0, 0, 1),
(733, 38, '2015-02-02 10:45:00', '0000-00-00 00:00:00', 0, 0, 1),
(734, 38, '2015-02-02 13:00:00', '0000-00-00 00:00:00', 0, 0, 1),
(735, 38, '2015-02-02 13:45:00', '0000-00-00 00:00:00', 0, 0, 1),
(736, 38, '2015-02-02 14:30:00', '0000-00-00 00:00:00', 0, 0, 1),
(737, 38, '2015-02-02 15:15:00', '0000-00-00 00:00:00', 0, 0, 1),
(738, 38, '2015-02-02 16:00:00', '0000-00-00 00:00:00', 0, 0, 1),
(739, 38, '2015-02-02 16:45:00', '0000-00-00 00:00:00', 0, 0, 1),
(740, 38, '2015-02-02 18:15:00', '0000-00-00 00:00:00', 0, 0, 1),
(741, 38, '2015-02-02 19:00:00', '0000-00-00 00:00:00', 0, 0, 1),
(742, 38, '2015-02-02 19:45:00', '0000-00-00 00:00:00', 0, 0, 1);

-- --------------------------------------------------------

--
-- Structure de la table `bot_stats`
--

CREATE TABLE IF NOT EXISTS `bot_stats` (
  `id` int(11) NOT NULL AUTO_INCREMENT,
  `type` enum('index_refresh') NOT NULL COMMENT 'type of bot action',
  `datetime` datetime NOT NULL,
  PRIMARY KEY (`id`)
) ENGINE=InnoDB  DEFAULT CHARSET=utf8 AUTO_INCREMENT=9 ;

--
-- Contenu de la table `bot_stats`
--

INSERT INTO `bot_stats` (`id`, `type`, `datetime`) VALUES
(1, 'index_refresh', '2015-01-27 12:59:16'),
(2, 'index_refresh', '2015-01-27 13:02:11'),
(3, 'index_refresh', '2015-01-27 13:03:22'),
(4, 'index_refresh', '2015-01-27 13:19:15'),
(5, 'index_refresh', '2015-01-27 13:23:08'),
(6, 'index_refresh', '2015-01-27 13:28:05'),
(7, 'index_refresh', '2015-01-27 13:31:34'),
(8, 'index_refresh', '2015-01-27 13:32:39');

-- --------------------------------------------------------

--
-- Structure de la table `bot_submenus`
--

CREATE TABLE IF NOT EXISTS `bot_submenus` (
  `id` int(11) NOT NULL AUTO_INCREMENT,
  `target_id` int(11) NOT NULL COMMENT 'id of the targeted shop',
  `info_url` varchar(150) NOT NULL COMMENT 'url of submenu (services) description',
  `type` tinyint(4) NOT NULL DEFAULT '0' COMMENT '0:generic',
  `menu` varchar(100) NOT NULL,
  `submenu` varchar(150) NOT NULL,
  `price` int(11) NOT NULL,
  `duration` int(11) NOT NULL,
  `status` tinyint(4) NOT NULL COMMENT '0: new / 1: processed / 2: standby /  3:bug / 4:old',
  `discount_mode` tinyint(4) NOT NULL COMMENT '0:disable; 1:fixed; 2:sprint',
  `discount_max_rate` tinyint(4) NOT NULL COMMENT 'max rate of discount when enable',
  `person_number` int(11) NOT NULL COMMENT 'nb min d''invité doodle requis pour activer le coupon',
  `max_ticket_nb` int(11) NOT NULL COMMENT 'nb max de coupons à générer par créneau',
  `views` int(11) NOT NULL COMMENT 'nb of meetings of this submenus displayed',
  `phone_views` int(11) NOT NULL COMMENT 'nb of click on phone button',
  `info_views` int(11) NOT NULL COMMENT 'nb of click on button "url_info"',
  `booking_views` int(11) NOT NULL COMMENT 'nb of click on booking button',
  `discount_prints` int(11) NOT NULL COMMENT 'nb of click on discount flyer printing button',
  `last_update` datetime NOT NULL COMMENT 'last RDV update processed by the bot',
  `last_submenu_update` datetime NOT NULL,
  PRIMARY KEY (`id`)
) ENGINE=InnoDB  DEFAULT CHARSET=utf8 AUTO_INCREMENT=40 ;

--
-- Contenu de la table `bot_submenus`
--

INSERT INTO `bot_submenus` (`id`, `target_id`, `info_url`, `type`, `menu`, `submenu`, `price`, `duration`, `status`, `discount_mode`, `discount_max_rate`, `person_number`, `max_ticket_nb`, `views`, `phone_views`, `info_views`, `booking_views`, `discount_prints`, `last_update`, `last_submenu_update`) VALUES
(1, 23, '', 0, 'Chirurgie Esthétique du Corps', 'Abdominoplastie - 45 min', 0, 0, 1, 0, 0, 0, 0, 0, 0, 0, 0, 0, '0000-00-00 00:00:00', '2015-01-27 13:02:11'),
(2, 23, '', 0, 'Chirurgie Esthétique du Corps', 'Liposuccion - 45 min', 0, 0, 2, 0, 0, 0, 0, 0, 0, 0, 0, 0, '0000-00-00 00:00:00', '2015-01-27 13:02:11'),
(3, 23, '', 0, 'Chirurgie Esthétique du Corps', 'Lipofilling Fesses - 45 min', 0, 0, 2, 0, 0, 0, 0, 0, 0, 0, 0, 0, '0000-00-00 00:00:00', '2015-01-27 13:02:11'),
(4, 23, '', 0, 'Chirurgie Esthétique du Corps', 'Lifting Bras, Cuisses - 45 min', 0, 0, 2, 0, 0, 0, 0, 0, 0, 0, 0, 0, '0000-00-00 00:00:00', '2015-01-27 13:02:11'),
(5, 23, '', 0, 'Chirurgie Mammaire ', 'Augmentation Par Prothèse   - 45 min', 0, 0, 1, 0, 0, 0, 0, 0, 0, 0, 0, 0, '0000-00-00 00:00:00', '2015-01-27 13:02:11'),
(6, 23, '', 0, 'Chirurgie Mammaire ', 'Augmentation par Lipostructure - 45 min', 0, 0, 2, 0, 0, 0, 0, 0, 0, 0, 0, 0, '0000-00-00 00:00:00', '2015-01-27 13:02:11'),
(7, 23, '', 0, 'Chirurgie Mammaire ', 'Autre Chirurgie Mammaires  - 45 min', 0, 0, 2, 0, 0, 0, 0, 0, 0, 0, 0, 0, '0000-00-00 00:00:00', '2015-01-27 13:02:11'),
(8, 23, '', 0, 'Chirurgie Esthétique du Visage', 'Genioplastie (menton) - 45 min', 0, 0, 1, 0, 0, 0, 0, 0, 0, 0, 0, 0, '0000-00-00 00:00:00', '2015-01-27 13:02:11'),
(9, 23, '', 0, 'Chirurgie Esthétique du Visage', 'Blepharoplastie (Paupières) - 45 min', 0, 0, 2, 0, 0, 0, 0, 0, 0, 0, 0, 0, '0000-00-00 00:00:00', '2015-01-27 13:02:11'),
(10, 23, '', 0, 'Chirurgie Esthétique du Visage', 'Lifting - 45 min', 0, 0, 2, 0, 0, 0, 0, 0, 0, 0, 0, 0, '0000-00-00 00:00:00', '2015-01-27 13:02:11'),
(11, 23, '', 0, 'Chirurgie Esthétique du Visage', 'Otoplastie - 30 min', 0, 0, 2, 0, 0, 0, 0, 0, 0, 0, 0, 0, '0000-00-00 00:00:00', '2015-01-27 13:02:11'),
(12, 23, '', 0, 'Chirurgie Intime ', 'Masculine - 30 min', 0, 0, 1, 0, 0, 0, 0, 0, 0, 0, 0, 0, '0000-00-00 00:00:00', '2015-01-27 13:02:11'),
(13, 23, '', 0, 'Chirurgie Intime ', 'Féminine - 30 min', 0, 0, 2, 0, 0, 0, 0, 0, 0, 0, 0, 0, '0000-00-00 00:00:00', '2015-01-27 13:02:11'),
(14, 23, '', 0, 'Chirurgie Capillaire', 'MTC ou FUE - 30 min', 0, 0, 1, 0, 0, 0, 0, 0, 0, 0, 0, 0, '0000-00-00 00:00:00', '2015-01-27 13:02:11'),
(15, 23, '', 0, 'Médecine Esthétique', '1er RV Acide Hyaluronique, Botox - 30 min', 0, 0, 1, 0, 0, 0, 0, 0, 0, 0, 0, 0, '0000-00-00 00:00:00', '2015-01-27 13:02:11'),
(16, 23, '', 0, 'Médecine Esthétique', '1er RV Epilation Laser - 20 min', 0, 0, 2, 0, 0, 0, 0, 0, 0, 0, 0, 0, '0000-00-00 00:00:00', '2015-01-27 13:02:11'),
(17, 23, '', 0, 'Médecine Esthétique', '1er RV Peeling - 20 min', 0, 0, 2, 0, 0, 0, 0, 0, 0, 0, 0, 0, '0000-00-00 00:00:00', '2015-01-27 13:02:11'),
(18, 23, '', 0, 'Médecine Esthétique', '1er RV Photorajeunissement - 20 min', 0, 0, 2, 0, 0, 0, 0, 0, 0, 0, 0, 0, '0000-00-00 00:00:00', '2015-01-27 13:02:11'),
(19, 23, '', 0, 'Médecine Esthétique', '1er RV Carboxytherapie - 20 min', 0, 0, 2, 0, 0, 0, 0, 0, 0, 0, 0, 0, '0000-00-00 00:00:00', '2015-01-27 13:02:11'),
(20, 23, '', 0, 'Médecine Esthétique', '1er RV Mésothérapie - 30 min', 0, 0, 2, 0, 0, 0, 0, 0, 0, 0, 0, 0, '0000-00-00 00:00:00', '2015-01-27 13:02:11'),
(21, 23, '', 0, 'Bien-être', '1er RV Modelage STARVAC - 50 min', 0, 0, 1, 0, 0, 0, 0, 0, 0, 0, 0, 0, '0000-00-00 00:00:00', '2015-01-27 13:02:11'),
(22, 23, '', 0, 'Bien-être', '1er RV Modelage Manuel - 50 min', 0, 0, 2, 0, 0, 0, 0, 0, 0, 0, 0, 0, '0000-00-00 00:00:00', '2015-01-27 13:02:11'),
(23, 23, '', 0, 'Rhinoplastie', 'Rhinoplastie (nez) - 45 min', 0, 0, 1, 0, 0, 0, 0, 0, 0, 0, 0, 0, '0000-00-00 00:00:00', '2015-01-27 13:02:11'),
(24, 22, '', 1, 'Faire une vérification de ma vue *', 'Faire une vérification de ma vue *', 0, 0, 1, 0, 0, 0, 0, 0, 0, 0, 0, 0, '0000-00-00 00:00:00', '2015-01-27 13:31:34'),
(25, 22, '', 1, 'Etre conseillé dans le choix de mes lunettes', 'Etre conseillé dans le choix de mes lunettes', 0, 0, 1, 0, 0, 0, 0, 0, 0, 0, 0, 0, '0000-00-00 00:00:00', '2015-01-27 13:31:34'),
(26, 22, '', 1, 'Etre conseillé dans le choix de mes lentilles de contact', 'Etre conseillé dans le choix de mes lentilles de contact', 0, 0, 1, 0, 0, 0, 0, 0, 0, 0, 0, 0, '0000-00-00 00:00:00', '2015-01-27 13:31:34'),
(27, 22, '', 1, 'Apprendre la manipulation ou l’adaptation* de mes lentilles', 'Apprendre la manipulation ou l’adaptation* de mes lentilles', 0, 0, 1, 0, 0, 0, 0, 0, 0, 0, 0, 0, '0000-00-00 00:00:00', '2015-01-27 13:31:34'),
(28, 22, '', 1, 'Réceptionner mes lunettes en magasin', 'Réceptionner mes lunettes en magasin', 0, 0, 1, 0, 0, 0, 0, 0, 0, 0, 0, 0, '0000-00-00 00:00:00', '2015-01-27 13:31:34'),
(29, 22, '', 1, 'Demande gratuite de prêt de montures', 'Demande gratuite de prêt de montures', 0, 0, 1, 0, 0, 0, 0, 0, 0, 0, 0, 0, '0000-00-00 00:00:00', '2015-01-27 13:31:34'),
(30, 22, '', 1, 'Faire réparer une monture ou tout autre SAV', 'Faire réparer une monture ou tout autre SAV', 0, 0, 1, 0, 0, 0, 0, 0, 0, 0, 0, 0, '0000-00-00 00:00:00', '2015-01-27 13:31:34'),
(31, 22, '', 1, 'Autre', 'Autre', 0, 0, 1, 0, 0, 0, 0, 0, 0, 0, 0, 0, '0000-00-00 00:00:00', '2015-01-27 13:31:34'),
(32, 21, '', 0, 'Le Nourrisson', 'une Première Consultation - 45 min - 50 €', 0, 0, 1, 0, 0, 0, 0, 0, 0, 0, 0, 0, '0000-00-00 00:00:00', '2015-01-27 13:32:39'),
(33, 21, '', 0, 'Le Nourrisson', 'une Consultation de Suivi - 45 min - 50 €', 0, 0, 2, 0, 0, 0, 0, 0, 0, 0, 0, 0, '0000-00-00 00:00:00', '2015-01-27 13:32:39'),
(34, 21, '', 0, 'L’Enfant', 'une Première Consultation - 45 min - 50 €', 0, 0, 1, 0, 0, 0, 0, 0, 0, 0, 0, 0, '0000-00-00 00:00:00', '2015-01-27 13:32:39'),
(35, 21, '', 0, 'L’Enfant', 'une Consultation de Suivi - 45 min - 50 €', 0, 0, 2, 0, 0, 0, 0, 0, 0, 0, 0, 0, '0000-00-00 00:00:00', '2015-01-27 13:32:39'),
(36, 21, '', 0, 'L’Adulte', 'une Première Consultation - 45 min - 50 €', 0, 0, 1, 0, 0, 0, 0, 0, 0, 0, 0, 0, '0000-00-00 00:00:00', '2015-01-27 13:32:39'),
(37, 21, '', 0, 'L’Adulte', 'une Consultation de Suivi - 45 min - 50 €', 0, 0, 2, 0, 0, 0, 0, 0, 0, 0, 0, 0, '0000-00-00 00:00:00', '2015-01-27 13:32:39'),
(38, 21, '', 0, 'La Femme Enceinte', 'une Première Consultation - 45 min - 50 €', 0, 0, 1, 0, 0, 0, 0, 0, 0, 0, 0, 0, '0000-00-00 00:00:00', '2015-01-27 13:32:39'),
(39, 21, '', 0, 'La Femme Enceinte', 'une Consultation de Suivi - 45 min - 50 €', 0, 0, 2, 0, 0, 0, 0, 0, 0, 0, 0, 0, '0000-00-00 00:00:00', '2015-01-27 13:32:39');

-- --------------------------------------------------------

--
-- Structure de la table `bot_targets`
--

CREATE TABLE IF NOT EXISTS `bot_targets` (
  `id` int(11) NOT NULL AUTO_INCREMENT COMMENT 'id of the targeted shop',
  `title` varchar(50) NOT NULL,
  `category` int(11) NOT NULL,
  `zip` int(11) NOT NULL,
  `country` varchar(50) NOT NULL,
  `city` varchar(50) NOT NULL,
  `label` varchar(50) NOT NULL,
  `latitude` decimal(20,10) NOT NULL,
  `longitude` decimal(20,10) NOT NULL,
  `phone` varchar(10) NOT NULL,
  `bot_url` varchar(150) NOT NULL,
  `booking_url` varchar(150) NOT NULL,
  `info_url` varchar(150) NOT NULL,
  `status` tinyint(4) NOT NULL COMMENT '0: bug; 1:processed; 2:standby; 3:new',
  `type` tinyint(4) NOT NULL COMMENT '0:clic generic, 1:clic withoutSubmenu, 2:clic iframe',
  `email` varchar(100) NOT NULL COMMENT 'may be empty only registered by our spiderweb (bot)',
  `pwd` varchar(40) NOT NULL COMMENT 'may be empty only registered by our spiderweb (bot)',
  PRIMARY KEY (`id`)
) ENGINE=InnoDB  DEFAULT CHARSET=utf8 AUTO_INCREMENT=25 ;

--
-- Contenu de la table `bot_targets`
--

INSERT INTO `bot_targets` (`id`, `title`, `category`, `zip`, `country`, `city`, `label`, `latitude`, `longitude`, `phone`, `bot_url`, `booking_url`, `info_url`, `status`, `type`, `email`, `pwd`) VALUES
(1, 'NOCIBE', 7, 57000, 'FRANCE', 'Metz', '40 Rue de la Tête d''Or', '49.1168769000', '6.1780665000', '0387180212', 'http://www.nocibe.fr/magasins/nocibe-metz_0314.html', 'http://www.clicrdv.com/nocibe-0314', 'http://www.nocibe.fr/magasins/nocibe-metz_0314.html', 2, 0, '', ''),
(2, 'NOCIBE', 7, 31000, 'FRANCE', 'Toulouse', '1 Place du President Thomas Wilson', '43.6045753000', '1.4482495000', '0561218305', 'http://www.nocibe.fr/magasins/nocibe-toulouse-wilson_0033.html', 'http://www.clicrdv.com/nocibe-033', 'http://www.nocibe.fr/magasins/nocibe-toulouse-wilson_0033.html', 2, 0, '', ''),
(3, 'NOCIBE', 7, 31000, 'FRANCE', 'Toulouse', '11-12 Place Wilson', '43.6050551000', '1.4466611000', '0562278620', 'http://www.nocibe.fr/magasins/nocibe-toulouse-lafayette_1056.html', 'http://www.clicrdv.com/nocibe-1056', 'http://www.nocibe.fr/carte-institut_13661.ic.html', 2, 0, '', ''),
(4, 'PLAY SOCCER', 38, 31100, 'FRANCE', 'Toulouse', '33 - 35 avenue de Larrieu (sortie 38)', '43.5486536000', '1.4053886000', '0561911911', 'http://www.play-soccer.fr/contact.php', 'https://www.clicrdv.com/play-soccer', 'http://www.play-soccer.fr/', 2, 1, '', ''),
(5, 'BORDEROUGE ESTHETIQUE', 7, 31200, 'FRANCE', 'Toulouse', '4 pl. Antonin Froidure', '43.6288042000', '1.4500649000', '0561260022', 'http://www.borderouge-esthetique.fr/appointment', 'http://www.borderouge-esthetique.fr/appointment', 'http://www.borderouge-esthetique.fr/institut-de-beaute-toulouse', 2, 2, '', ''),
(6, 'YVES ROCHER', 7, 31000, 'FRANCE', 'Toulouse', '10 r Alsace Lorraine', '43.6006999000', '1.4328410000', '0534450736', 'http://www.yves-rocher.fr/control/epm/france/fr/moncdb/soins-en-institut/at/europe/france/midi-pyrenees/toulouse/toulouse-alsace', 'http://www.clicrdv.com/FRYROC46?locale=fr_FR', 'http://www.yves-rocher.fr/control/epm/france/fr/moncdb/soins-en-institut/at/europe/france/midi-pyrenees/toulouse/toulouse-alsace', 2, 0, '', ''),
(7, 'YVES ROCHER', 7, 31500, 'FRANCE', 'Toulouse', '49 rue du Faubourg Bonnefoy', '43.6180624000', '1.4555981000', '', 'http://www.yves-rocher.fr/control/epm/france/fr/moncdb/at/europe/france/midi-pyrenees/toulouse/toulouse-bonnefoy', 'http://www.clicrdv.com/FRYROC613?locale=fr_FR', 'http://www.yves-rocher.fr/control/epm/france/fr/moncdb/soins-en-institut/at/europe/france/midi-pyrenees/toulouse/toulouse-bonnefoy', 2, 0, '', ''),
(8, 'YVES ROCHER', 7, 31200, 'FRANCE', 'Toulouse', '2 Ch De La Gabardie (CC Toulouse Gramont)', '43.6319850000', '1.4854640000', '0561381815', 'http://www.yves-rocher.fr/control/epm/france/fr/moncdb/soins-en-institut/at/europe/france/midi-pyrenees/toulouse/toulouse-gramont-cc', 'http://www.clicrdv.com/FRYROC897?locale=fr_FR', 'http://www.yves-rocher.fr/control/epm/france/fr/moncdb/soins-en-institut/at/europe/france/midi-pyrenees/toulouse/toulouse-gramont-cc', 2, 0, '', ''),
(9, 'YVES ROCHER', 7, 31700, 'FRANCE', 'Toulouse', '2 Allée E.Zola (CC Blagnac)', '43.6453630000', '1.3725630000', '0561583576', 'http://www.yves-rocher.fr/control/epm/france/fr/moncdb/at/europe/france/midi-pyrenees/toulouse/blagnac-c-cial', 'http://www.clicrdv.com/FRYROC410?locale=fr_FR', 'http://www.yves-rocher.fr/control/epm/france/fr/moncdb/soins-en-institut/at/europe/france/midi-pyrenees/toulouse/blagnac-c-cial', 2, 0, '', ''),
(10, 'YVES ROCHER', 7, 31127, 'FRANCE', 'PORTET SUR GARONNE', 'Galerie Marchande CARREFOUR', '43.5339890000', '1.4031300000', '0562876431', 'http://www.yves-rocher.fr/control/epm/france/fr/moncdb/at/europe/france/midi-pyrenees/portet-sur-garonne/portet-sur-garonne', 'http://www.clicrdv.com/FRYROC647?locale=fr_FR', 'http://www.yves-rocher.fr/control/epm/france/fr/moncdb/soins-en-institut/at/europe/france/midi-pyrenees/portet-sur-garonne/portet-sur-garonne', 2, 0, '', ''),
(11, 'YVES ROCHER', 7, 31670, 'FRANCE', 'Labège', 'Ctre Cial CARREFOUR ', '43.5396504000', '1.5207335000', '0562249776', 'http://www.yves-rocher.fr/control/epm/france/fr/moncdb/at/europe/france/midi-pyrenees/labege/labege', 'http://www.clicrdv.com/FRYROC411?locale=fr_FR', 'http://www.clicrdv.com/FRYROC411?locale=fr_FR', 2, 0, '', ''),
(12, 'YVES ROCHER', 7, 31650, 'FRANCE', 'Saint Orens', '5 Allée des Champs Pinsons', '43.5550520000', '1.5331574000', '0561132097', 'http://www.yves-rocher.fr/control/epm/france/fr/moncdb/at/europe/france/midi-pyrenees/st-orens-de-gameville/saint-orens-centre-commercial', 'http://www.clicrdv.com/FRYROC894?locale=fr_FR', 'http://www.yves-rocher.fr/control/epm/france/fr/moncdb/at/europe/france/midi-pyrenees/st-orens-de-gameville/saint-orens-centre-commercial', 2, 0, '', ''),
(13, 'EPHELIDE', 7, 31300, 'FRANCE', 'Toulouse', '49 av Etienne Billières', '43.5966420000', '1.4251610000', '0561429163', 'http://www.ephelide-beaute.fr/', 'https://www.clicrdv.com/875-ephelide?clicrdv_widget=1&widget_width=600&websource=http%3A%2F%2Fwww.ephelide-beaute.fr%2F', 'http://www.ephelide-beaute.fr/', 2, 0, '', ''),
(14, 'AUTOVISION', 37, 31200, 'FRANCE', 'Toulouse', '131 Chemin Sang de Serp', '43.6007000000', '1.4328410000', '0561476178', 'http://www.actm31.com/', 'http://www.actm31.com/', 'http://www.actm31.com/', 2, 0, '', ''),
(15, 'CYCLEAUJETS', 6, 31000, 'FRANCE', 'Toulouse', '2 r Languedoc', '43.5966630000', '1.4457530000', '0561005545', 'https://www.clicrdv.com/so-forme-toulouse?popin=1', 'https://www.clicrdv.com/so-forme-toulouse?popin=1', 'http://cycleaujets.com/les-tarifs.html', 2, 0, '', ''),
(16, 'L''ONGLERIE', 7, 31500, 'FRANCE', 'Toulouse', '129 Rue du Faubourg Bonnefoy', '43.6209077000', '1.4573420000', '0567116393', 'http://www.l-onglerie.fr/centres/toulouse-bonnefoy', 'https://www.clicrdv.com/onglerie-de-toulouse-bonnefoy', 'http://www.l-onglerie.fr/prestations', 2, 0, '', ''),
(17, 'L''ONGLERIE', 7, 31700, 'FRANCE', 'Blagnac', '2 Allée Emile Zola', '43.6446360000', '1.3698170000', '0562212992', 'http://www.l-onglerie.fr/centres/blagnac', 'https://www.clicrdv.com/longlerie-blagnac', 'http://www.l-onglerie.fr/prestations', 2, 0, '', ''),
(18, 'L''ONGLERIE', 7, 31650, 'FRANCE', 'St-Orens-de-Gameville', 'C.C. Leclerc Porte C Orange', '43.5662330000', '1.5178865000', '0561576283', 'http://www.clicrdv.com/longlerie-de-toulouse-saint-orens', 'http://www.clicrdv.com/longlerie-de-toulouse-saint-orens', 'http://www.l-onglerie.fr/centres/st-orens-de-gameville', 2, 0, '', ''),
(19, 'Docteur HERZI', 39, 31500, 'FRANCE', 'Toulouse', '12 rue Jean Poncelet', '43.6141808000', '1.4714852000', '0534300542', 'http://www.cabinet-docteur-herzi.fr/', 'http://www.cabinet-docteur-herzi.fr/', 'http://www.cabinet-docteur-herzi.fr/', 2, 1, '', ''),
(20, 'AUTOSUR', 37, 31000, 'FRANCE', 'Toulouse', '46, boulevard des Minimes Résidence des Violettes', '43.6158430000', '1.4412140000', '0561216667', 'http://controle-technique.autosur.com/10322-autosur-toulouse', 'http://controle-technique.autosur.com/10322-autosur-toulouse', 'http://controle-technique.autosur.com/10322-autosur-toulouse', 2, 2, '', ''),
(21, 'osteopathe BERRANGER', 40, 31000, 'FRANCE', 'Toulouse', '2 Boulevard d''Arcole', '43.6108319000', '1.4432011000', '0630776973', 'https://www.clicrdv.com/osteopathe-berranger', 'https://www.clicrdv.com/osteopathe-berranger', 'http://www.berranger-osteopathe-toulouse.fr/', 2, 0, '', ''),
(22, 'Opticeo', 41, 31300, 'FRANCE', 'Toulouse', '41 Avenue de Lombez', '43.5939705000', '1.4192941000', '0531616123', 'http://www.clicrdv.com/opticeo-8-toulouse', 'http://www.clicrdv.com/opticeo-8-toulouse', 'https://www.opticeo.fr/toulouse', 2, 1, '', ''),
(23, 'Clinique Esthétique Saint-Aubin', 42, 31000, 'FRANCE', 'Toulouse', '9, impasse saint- Aubin', '43.6037497000', '1.4531803000', '0534418787', 'https://www.clicrdv.com/clinique-esthetique-saint-aubin', 'https://www.clicrdv.com/clinique-esthetique-saint-aubin', 'http://www.cliniquesaintaubin.com/chirurgie-esthetique/chirurgie-esthetique-du-corps-3d/', 1, 0, '', ''),
(24, '', 0, 0, '', '', '', '0.0000000000', '0.0000000000', '', 'https://www.clicrdv.com/amans-camacho-centhial-gruber-molina', '', '', 0, 0, '', '');

-- --------------------------------------------------------

--
-- Structure de la table `category`
--

CREATE TABLE IF NOT EXISTS `category` (
  `id` int(11) NOT NULL AUTO_INCREMENT,
  `name` varchar(40) NOT NULL,
  `theme` varchar(40) NOT NULL,
  `logo` varchar(50) NOT NULL,
  PRIMARY KEY (`id`)
) ENGINE=InnoDB  DEFAULT CHARSET=utf8 AUTO_INCREMENT=43 ;

--
-- Contenu de la table `category`
--

INSERT INTO `category` (`id`, `name`, `theme`, `logo`) VALUES
(1, 'coiffeur', 'Soin', ''),
(5, 'tous', 'Tous', ''),
(6, 'aquabiking', 'Sport', ''),
(7, 'institut de beauté', 'Soin', ''),
(8, 'restauration rapide', 'Restauration', ''),
(9, 'restaurant', 'Restauration', ''),
(10, 'bar', 'Loisir', ''),
(14, 'lingerie', 'Shopping', ''),
(15, 'cours particuliers', 'Particuliers', ''),
(25, 'chaussures', 'Shopping', ''),
(26, 'mode-vétements', 'Shopping', ''),
(27, 'escalade', 'Sport', ''),
(28, 'soirée', 'Particuliers', ''),
(29, 'entraide', 'Particuliers', ''),
(30, 'musées', 'Evènements', ''),
(31, 'festivals', 'Evènements', ''),
(33, 'concerts', 'Evènements', ''),
(35, 'théatre', 'Loisir', ''),
(37, 'contrôle technique', 'Automobile', ''),
(38, 'foot en salle', 'Sport', ''),
(39, 'médecin généraliste', 'Santé', ''),
(40, 'ostéopathe', 'Santé', ''),
(41, 'opticien', 'Santé', ''),
(42, 'chirurgie esthétique', 'Santé', '');

-- --------------------------------------------------------

--
-- Structure de la table `city`
--

CREATE TABLE IF NOT EXISTS `city` (
  `id` int(11) NOT NULL AUTO_INCREMENT,
  `name` varchar(50) NOT NULL,
  `coordinates` varchar(50) NOT NULL,
  `latitude` float(20,10) NOT NULL,
  `longitude` float(20,10) NOT NULL,
  `region` varchar(40) NOT NULL,
  PRIMARY KEY (`id`)
) ENGINE=InnoDB  DEFAULT CHARSET=utf8 AUTO_INCREMENT=3 ;

--
-- Contenu de la table `city`
--

INSERT INTO `city` (`id`, `name`, `coordinates`, `latitude`, `longitude`, `region`) VALUES
(1, 'Toulouse', '43.6007,1.432841', 43.6007003784, 1.4328409433, 'Midi Pyrénées'),
(2, 'Muret', '43.4407,1.2987', 43.4407196045, 1.2987204790, 'Midi Pyrénées');

-- --------------------------------------------------------

--
-- Structure de la table `contacts`
--

CREATE TABLE IF NOT EXISTS `contacts` (
  `id` int(11) NOT NULL AUTO_INCREMENT,
  `email` varchar(50) NOT NULL,
  `name` varchar(40) NOT NULL,
  `email_sent` tinyint(1) NOT NULL DEFAULT '1',
  `sent_datetime` datetime NOT NULL DEFAULT CURRENT_TIMESTAMP,
  `website_visited` int(11) NOT NULL DEFAULT '0',
  `visited_datetime` datetime NOT NULL,
  PRIMARY KEY (`id`)
) ENGINE=MyISAM  DEFAULT CHARSET=utf8 AUTO_INCREMENT=2 ;

--
-- Contenu de la table `contacts`
--

INSERT INTO `contacts` (`id`, `email`, `name`, `email_sent`, `sent_datetime`, `website_visited`, `visited_datetime`) VALUES
(1, 'test@gmail.com', 'test&Co', 1, '2014-06-17 12:32:16', 1, '2014-09-14 22:37:59');

-- --------------------------------------------------------

--
-- Structure de la table `discount_cal`
--

CREATE TABLE IF NOT EXISTS `discount_cal` (
  `id` int(11) NOT NULL,
  `pro_id` int(11) NOT NULL,
  `type` tinyint(4) NOT NULL COMMENT '0:fixe / 1:dyn',
  `days` bit(7) NOT NULL DEFAULT b'0' COMMENT 'discount_days mask',
  `start_time` time NOT NULL,
  `end_time` time NOT NULL,
  `start_date` date NOT NULL,
  `end_date` date NOT NULL,
  `discount_min` tinyint(4) NOT NULL COMMENT 'in %',
  `discount_max` tinyint(4) NOT NULL COMMENT 'in %',
  `delay_min` tinyint(4) NOT NULL COMMENT 'delay discount_min in hours',
  `delay_max` tinyint(4) NOT NULL COMMENT 'delay discount_max in hours',
  `status` tinyint(4) NOT NULL COMMENT '0: disable / 1:enable'
) ENGINE=InnoDB DEFAULT CHARSET=latin1;

-- --------------------------------------------------------

--
-- Structure de la table `discount_submenu`
--

CREATE TABLE IF NOT EXISTS `discount_submenu` (
  `id` int(11) NOT NULL,
  `discount_cal_id` int(11) NOT NULL,
  `submenu_id` int(11) NOT NULL
) ENGINE=InnoDB DEFAULT CHARSET=latin1;

-- --------------------------------------------------------

--
-- Structure de la table `form_answers`
--

CREATE TABLE IF NOT EXISTS `form_answers` (
  `email` varchar(100) NOT NULL,
  `anwser_id` int(255) NOT NULL AUTO_INCREMENT,
  `slot_date` date NOT NULL,
  `slot_time` tinyint(1) NOT NULL,
  `num` tinyint(1) NOT NULL DEFAULT '100',
  `dentist` tinyint(1) NOT NULL DEFAULT '0',
  `kine` tinyint(1) NOT NULL DEFAULT '0',
  `ophtalmo` tinyint(1) NOT NULL DEFAULT '0',
  `haircut` tinyint(1) NOT NULL DEFAULT '0',
  `esthetic` tinyint(1) NOT NULL DEFAULT '0',
  `none` tinyint(1) NOT NULL DEFAULT '0',
  `other` varchar(100) NOT NULL,
  `interest` tinyint(1) NOT NULL,
  `price` tinyint(1) NOT NULL,
  `comments` varchar(500) NOT NULL DEFAULT 'empty',
  `connexion_ip` varchar(25) NOT NULL,
  `city_page` varchar(20) NOT NULL,
  `profession_page` varchar(20) NOT NULL,
  PRIMARY KEY (`anwser_id`)
) ENGINE=MyISAM DEFAULT CHARSET=utf8 AUTO_INCREMENT=1 ;

-- --------------------------------------------------------

--
-- Structure de la table `meeting`
--

CREATE TABLE IF NOT EXISTS `meeting` (
  `id` int(11) NOT NULL AUTO_INCREMENT,
  `type` tinyint(3) NOT NULL DEFAULT '1',
  `demo` tinyint(1) NOT NULL DEFAULT '1',
  `author_id` int(11) NOT NULL,
  `phone` varchar(10) NOT NULL,
  `title` varchar(40) NOT NULL,
  `subtitle` varchar(40) NOT NULL,
  `category` tinyint(4) NOT NULL,
  `creation_date` datetime NOT NULL,
  `meeting_date` datetime NOT NULL,
  `meeting_end_date` datetime NOT NULL,
  `city` varchar(50) NOT NULL,
  `label` varchar(50) NOT NULL,
  `latitude` decimal(20,10) NOT NULL,
  `longitude` decimal(20,10) NOT NULL,
  `price` decimal(5,2) NOT NULL,
  `discount` tinyint(4) NOT NULL,
  `description` varchar(140) NOT NULL,
  `person_number` int(11) NOT NULL DEFAULT '1',
  `max_ticket_nb` int(11) NOT NULL,
  `info_url` varchar(200) NOT NULL,
  `booking_url` varchar(200) NOT NULL,
  `status` tinyint(4) NOT NULL DEFAULT '1',
  `views` int(11) NOT NULL,
  `phone_views` int(11) NOT NULL,
  PRIMARY KEY (`id`)
) ENGINE=InnoDB  DEFAULT CHARSET=utf8 AUTO_INCREMENT=94 ;

--
-- Contenu de la table `meeting`
--

INSERT INTO `meeting` (`id`, `type`, `demo`, `author_id`, `phone`, `title`, `subtitle`, `category`, `creation_date`, `meeting_date`, `meeting_end_date`, `city`, `label`, `latitude`, `longitude`, `price`, `discount`, `description`, `person_number`, `max_ticket_nb`, `info_url`, `booking_url`, `status`, `views`, `phone_views`) VALUES
(12, 1, 1, 1, '0000000000', 'DEMENAGEMENT', 'urgent', 29, '2014-06-02 13:37:27', '2014-06-16 15:30:00', '2014-06-16 17:00:00', 'Toulouse', '2 Chemin de Gabardie 31200 ', '43.6307291000', '1.4843170000', '0.00', 0, 'Des bras musclés seraient bienvenus. Pizzas offertes.', 1, 3, '', '', 1, 0, 0),
(13, 1, 1, 1, '0000000000', 'THEATRE ROSE', 'Pièce: Les bonobos', 35, '2014-06-02 13:43:45', '2014-06-11 16:00:00', '2014-06-11 17:30:00', 'Toulouse', '', '43.6007003784', '1.4328409433', '25.00', 20, 'Dernières places disponibles', 1, 10, '', '', 1, 0, 0),
(17, 1, 1, 2, '0000000000', 'HAIR COIFFURE', '', 1, '2014-06-02 18:51:45', '2014-06-18 15:00:00', '2014-06-18 16:00:00', 'Toulouse', '10 rue Monplaisir', '43.5927240000', '1.4539660000', '0.00', 10, 'Un client a annulé son RDV', 1, 1, '', '', 1, 0, 0),
(18, 1, 1, 2, '0000000000', 'HAIR COIFFURE', '', 1, '2014-06-02 18:53:11', '2014-06-20 14:00:00', '2014-06-20 15:00:00', 'Toulouse', '10 rue Monplaisir', '43.5927240000', '1.4539660000', '0.00', 10, 'créneau tarif réduit', 1, 1, '', '', 1, 0, 0),
(19, 1, 1, 4, '0000000000', 'THEATRE DU CAPITOLE', 'Pièce: Daphné', 35, '2014-06-02 19:14:27', '2014-06-15 15:00:00', '2014-06-15 18:00:00', 'Toulouse', 'Place du Capitole 31000', '43.6045614000', '1.4442325000', '0.00', 0, '', 1, 10, 'http://www.theatreducapitole.fr/1/saison-2013-2014/opera-375/daphne.html', 'http://www.digitick.com/daphne-spectacle-css5-theatreducapitole-pg51-ei274360.html', 1, 0, 0),
(20, 1, 1, 5, '0000000000', 'RIO LOCO 2014', 'Terres Caraibes', 31, '2014-06-02 19:20:02', '2014-06-11 19:00:00', '2014-06-11 23:00:00', 'Toulouse', 'Plancher de la prairie des filtres, 31000', '43.6046520000', '1.4442090000', '0.00', 0, 'Début du festival', 1, 100, '', 'https://www.themisweb.fr/rodwebshoppark/fEventsList.aspx?idstructure=0431', 1, 0, 0),
(21, 1, 1, 6, '0000000000', 'LE BIKINI', 'concert RENE LA VICE + ENEI', 33, '2014-06-02 19:26:04', '2014-06-07 19:30:00', '2014-06-07 23:00:00', 'Toulouse', 'rue Théodore Monod, 31520 Ramonville-Saint-Agne', '43.5815963000', '1.4470937000', '14.50', 0, '', 1, 10, '', 'http://www.digitick.com/dirty-dancin-spring-edition-soiree-le-bikini-ramonville-07-juin-2014-css5-lebikini-pg101-ri2474114.html', 1, 0, 0),
(22, 1, 1, 7, '0000000000', 'MUSEE DES AUGUSTINS', 'Défilé-performance', 30, '2014-06-02 19:37:28', '2014-06-14 10:30:00', '2014-06-14 14:00:00', 'Toulouse', '21 Rue de Metz 31000', '43.6014195000', '1.4464076000', '0.00', 0, '', 1, 100, '', '', 1, 0, 0),
(23, 1, 1, 7, '0000000000', 'MUSEE DES AUGUSTINS', 'exposition BENJAMIN-CONSTANT', 30, '2014-06-02 19:38:38', '2014-10-04 09:00:00', '2014-10-04 23:30:00', 'Toulouse', '21 Rue de Metz 31000', '43.6014195000', '1.4464076000', '0.00', 0, '', 1, 100, '', '', 1, 0, 0),
(24, 1, 1, 9, '0000000000', 'THE LIVING ROOM', 'happy hours', 10, '2014-06-02 19:47:12', '2014-07-25 19:00:00', '2014-07-25 20:00:00', 'Toulouse', '26 Boulevard de Strasbourg 31000', '43.6075008000', '1.4471582000', '0.00', 20, '-20% sur tous types de boissons pendant le créneau', 1, 10, '', '', 1, 0, 0),
(25, 1, 1, 10, '0562001020', 'SOCCER 5', 'Foot en salle', 27, '2014-06-02 19:51:13', '2014-06-20 17:00:00', '2014-06-20 18:00:00', 'Toulouse', '5 Chemin Carrosse 31400', '43.5747920000', '1.4800240000', '0.00', 10, 'créneau libre suite annulation client', 1, 10, '', '', 1, 0, 0),
(26, 1, 1, 11, '0000000000', 'Mr DUTRAIL', 'cours mathématiques', 15, '2014-06-02 19:53:48', '2014-06-23 18:30:00', '2014-06-23 20:30:00', 'Toulouse', '10 rue de la Pomme', '43.6021287000', '1.4468235000', '0.00', 0, '20 euros de l''heure', 1, 1, '', '', 1, 0, 0),
(27, 1, 1, 12, '0000000000', 'CHEZ MICHEL', 'restaurant alsacien', 9, '2014-06-02 20:06:21', '2014-06-16 19:30:00', '2014-06-16 23:30:00', 'Toulouse', '21 Boulevard Armand Duportal 31000 ', '43.6072760000', '1.4342033000', '0.00', 20, 'Pour la fête des pères', 1, 10, '', '', 1, 0, 0),
(29, 1, 1, 7, '0000000000', 'PIZZA 24', 'Offre coupe du monde', 8, '2014-06-02 20:11:16', '2014-06-20 18:00:00', '2014-06-20 23:30:00', 'Toulouse', 'Rue Saint Jean', '43.6265200000', '1.4842090000', '0.00', 10, 'sur tous les types de pizza à emporter', 1, 100, '', '', 1, 0, 0),
(30, 1, 1, 14, '0000000000', 'ZENITH', 'concert Pharrell Williams', 33, '2014-06-03 00:09:58', '2014-06-10 20:00:00', '2014-06-10 23:30:00', 'Toulouse', '11 Avenue Raymond Badiou, 31300', '43.5992350000', '1.4098660000', '0.00', 0, '', 1, 100, '', 'http://www.viagogo.fr/Billets-de-concert/R+B-Soul-Funk/Pharrell-Williams-Billets/E-662143?affiliateID=886&PCID=AFFFRIAFF886170F0AD197', 1, 0, 0),
(31, 1, 1, 14, '0000000000', 'ZENITH', 'concert Florent Pagny', 33, '2014-06-03 00:13:36', '2014-09-25 20:00:00', '2014-09-25 23:30:00', 'Toulouse', '11 Avenue Raymond Badiou, 31300', '43.5992350000', '1.4098660000', '0.00', 0, '', 1, 100, '', '', 1, 0, 0),
(32, 1, 1, 15, '0000000000', 'CASINO BARRIERE', 'concert Dany Brillant', 33, '2014-06-03 00:17:56', '2014-06-24 20:00:00', '2014-06-24 23:30:00', 'Toulouse', '18 Chemin de la Loge 31400', '43.5721740000', '1.4337670000', '39.00', 0, 'Places de 39 à 49€', 1, 100, '', '', 1, 0, 0),
(33, 1, 1, 16, '0000000000', 'LE TEMPS DES CERISES', '', 31, '2014-06-03 00:28:02', '2014-06-20 19:30:00', '2014-06-20 23:30:00', 'Toulouse', '34, Rue Maran - 31000', '43.5808900000', '1.4475430000', '0.00', 0, 'Festival artistique au théatre du Pavé', 1, 10, '', '', 1, 0, 0),
(34, 1, 1, 17, '0000000000', 'LES ABATTOIRS', 'Festival internat. d''arts', 31, '2014-06-03 00:48:37', '2014-06-22 12:00:00', '2014-06-22 19:00:00', 'Toulouse', '76 Allées Charles de Fitte 31300', '43.6007500000', '1.4292740000', '0.00', 0, 'Dernier jour du festival', 1, 100, '', '', 1, 0, 0),
(35, 1, 1, 17, '0000000000', 'LES ABATTOIRS', 'expo. Franz Gertsch ', 30, '2014-06-03 00:52:43', '2014-08-31 12:00:00', '2014-08-31 19:00:00', 'Toulouse', '76 Allées Charles de Fitte 31300', '43.6007500000', '1.4292740000', '0.00', 0, 'Dernier jour de l''exposition', 1, 100, '', '', 1, 0, 0),
(36, 1, 1, 19, '0000000000', 'SEVENTIES', 'soirée CM: France Honduras', 10, '2014-06-03 01:08:16', '2014-06-15 21:00:00', '2014-06-15 23:30:00', 'Toulouse', '42 Port Saint-Étienne, 31000', '43.6008882000', '1.4566930000', '0.00', 0, '', 1, 100, '', '', 1, 0, 0),
(37, 1, 1, 20, '0000000000', 'LA TIREUSE', 'match France Equateur', 10, '2014-06-03 01:12:10', '2014-06-25 22:00:00', '2014-06-25 23:30:00', 'Toulouse', '24 Rue Pargaminières 31000', '43.6043180000', '1.4375890000', '0.00', 0, '', 1, 100, '', '', 1, 0, 0),
(38, 1, 1, 22, '0000000000', 'BADMINTON', 'Volant Club Toulousain', 27, '2014-06-03 01:25:17', '2014-06-26 18:30:00', '2014-06-26 21:00:00', 'Toulouse', '', '43.6033104000', '1.4233996000', '0.00', 0, 'Initiation gratuite badbindton', 1, 10, '', '', 1, 0, 0),
(39, 1, 1, 24, '0000000000', 'Voiture en panne', '', 29, '2014-06-19 01:39:48', '2014-06-19 14:00:00', '2014-06-19 15:00:00', 'Toulouse', 'Rue Gabriel Pery', '43.6059810000', '1.4529930000', '0.00', 0, 'Cherche covoiturage pour Albi', 1, 1, '', '', 1, 0, 0),
(40, 1, 1, 25, '0000000000', 'Mr VERONE', 'cours de guitare', 15, '2014-06-03 01:50:56', '2014-06-18 17:30:00', '2014-06-18 19:30:00', 'Toulouse', '10 rue Monplaisir', '43.5927240000', '1.4539660000', '25.00', 0, 'Tout niveau de débutant à confirmé', 1, 1, '', '', 1, 0, 0),
(41, 1, 1, 26, '0000000000', 'PIZZA Toulouse', '', 8, '2014-06-03 12:23:07', '2014-06-20 21:00:00', '2014-06-20 23:00:00', 'Toulouse', '7 Place Commerciale Jolimont 31500 ', '43.6136952000', '1.4615464000', '0.00', 20, 'Offre spéciale match FRANCE-SUISSE. 4 achetées=1 offerte', 1, 100, '', '', 1, 0, 0),
(45, 1, 1, 27, '0000000000', 'PRINCESSE', 'lingerie', 14, '2014-06-03 12:39:40', '2014-06-23 09:00:00', '2014-06-23 19:00:00', 'Toulouse', '1 Rue Victor Hugo 31000 Toulouse', '43.6056440000', '1.4471293000', '0.00', 15, 'sur tout le magasin', 1, 100, '', '', 1, 0, 0),
(46, 1, 1, 28, '0000000000', 'NEW FASHION', 'portes ouvertes', 14, '2014-06-03 13:19:59', '2014-06-22 09:00:00', '2014-06-22 19:30:00', 'Toulouse', '51 Rue du rempart Saint-Etienne 31000', '43.6039248000', '1.4455412000', '0.00', 10, '-10% sur le rayon lingerie', 1, 100, '', '', 1, 0, 0),
(47, 1, 1, 29, '0000000000', 'Maya institut Massage & Beauté', '', 7, '2014-06-03 16:09:25', '2014-06-18 13:00:00', '2014-06-18 14:00:00', 'Toulouse', '62 Avenue Saint-Exupéry 31400', '43.5856378000', '1.4655887000', '0.00', 10, 'créneau libéré par une annulation client', 1, 1, '', '', 1, 0, 0),
(48, 1, 1, 30, '0000000000', 'Centre Spa Toulousain', '', 7, '2014-06-03 16:13:22', '2014-06-23 15:30:00', '2014-06-23 16:30:00', 'Toulouse', '150 Boulevard Déodat de Sévérac 31300', '43.5910827000', '1.4196142000', '0.00', 0, 'créneau libre pour 2 personnes', 1, 2, '', '', 1, 0, 0),
(49, 1, 1, 31, '0562000000', 'test soirée', 'hello', 28, '2014-06-05 22:57:29', '2014-06-18 22:00:00', '2014-06-18 23:30:00', 'Toulouse', '', '43.6007003784', '1.4328409433', '0.00', 0, '', 1, 1, '', '', 0, 0, 0),
(51, 1, 1, 6, '0000000000', 'LE BIKINI', 'BREATHE SUMMER PARTY', 33, '2014-06-06 10:16:29', '2014-06-13 23:00:00', '2014-06-13 23:30:00', 'Toulouse', 'rue Théodore Monod, 31520 Ramonville-Saint-Agne', '43.5815963000', '1.4470937000', '0.00', 0, 'Places à partir de 14,5€', 1, 100, '', 'http://www.digitick.com/breathe-summer-party-soiree-le-bikini-ramonville-13-juin-2014-css5-lebikini-pg101-ri2443326.html', 1, 0, 0),
(52, 1, 1, 14, '0000000000', 'ZENITH', 'Concert JOE BONAMASSA', 33, '2014-06-06 10:22:29', '2014-06-19 20:00:00', '2014-06-19 23:00:00', 'Toulouse', '11, Av. RAYMOND BADIOU  31300', '43.6007276000', '1.4039078000', '0.00', 0, '', 1, 100, '', 'http://infoconcert.francebillet.com/ficheManifestation.do?codman=TOJOE', 1, 0, 0),
(53, 1, 1, 2, '0562000000', 'HAIR COIFFURE', 'créneau disponible', 1, '2014-06-06 10:35:49', '2014-06-24 10:30:00', '2014-06-24 11:30:00', 'Toulouse', '10 rue Monplaisir', '43.5927240000', '1.4539660000', '0.00', 10, 'Sur mention de l''offre smartRDV', 1, 1, '', '', 1, 0, 0),
(54, 1, 1, 32, '0000000000', 'TEST bar', 'test', 10, '2014-06-06 11:05:54', '2014-06-08 11:00:00', '2014-06-08 12:00:00', 'Toulouse', '', '43.6007003784', '1.4328409433', '0.00', 0, '', 1, 1, '', '', 0, 0, 0),
(55, 1, 1, 32, '0000000000', 'TEST bar', 'test', 10, '2014-06-06 11:06:28', '2014-06-07 10:30:00', '2014-06-07 11:30:00', 'Toulouse', '', '43.6007003784', '1.4328409433', '0.00', 0, '', 1, 1, '', '', 0, 0, 0),
(56, 1, 1, 9, '0562000000', 'THE LIVING ROOM', 'happy hours', 10, '2014-06-06 11:12:25', '2014-06-27 18:30:00', '2014-06-27 19:30:00', 'Toulouse', '26 Boulevard de Strasbourg 31000', '43.6075008000', '1.4471582000', '0.00', 10, '', 1, 100, '', '', 1, 0, 0),
(60, 1, 1, 34, '0000000000', 'DON DU SANG', 'Journée mondiale', 29, '2014-06-09 23:18:45', '2014-06-14 08:00:00', '2014-06-14 18:30:00', 'Toulouse', 'Hopital Purpan', '43.6130330000', '1.3991484000', '0.00', 0, '', 1, 100, '', 'http://www.dondusang.net/rewrite/site/37/etablissement-francais-du-sang.htm?idRubrique=756', 1, 0, 0),
(61, 1, 1, 36, '0000000000', 'Musique', '', 15, '2014-06-13 16:02:53', '2014-06-15 16:30:00', '2014-06-15 17:30:00', 'Toulouse', '56 rue monplaisir', '43.5923101000', '1.4575701000', '0.00', 0, '', 1, 1, '', '', 0, 0, 0),
(62, 1, 1, 37, '0000000000', 'AUTOSAFE Contrôle technique', '', 37, '2014-06-14 16:31:33', '2014-06-16 14:00:00', '2014-06-16 15:00:00', 'Toulouse', '20 Rue de la pomme', '43.6031541000', '1.4456899000', '0.00', 20, '-20% sur mention de l''offre smartRDV', 1, 1, '', '', 1, 0, 0),
(64, 1, 1, 38, '0000000000', 'LES 3T:', 'Thé à la menthe ou t''es citron', 35, '2014-06-16 01:41:57', '2014-06-26 21:00:00', '2014-06-26 23:00:00', 'Toulouse', '40, rue Gabriel Péri', '43.6061425000', '1.4539475000', '0.00', 0, 'Places à partir de 20 euros.', 1, 100, '', 'http://www.3tcafetheatre.com/spectacle2.php?idspectacle=172#', 1, 0, 0),
(65, 1, 1, 39, '0561166666', 'buffet gratuit enfant', 'enfants de moins de 10 ans ', 9, '2014-06-16 18:54:57', '2014-06-18 19:00:00', '2014-06-18 22:30:00', 'muret', '41 boulevard de joffrery', '43.4899284000', '1.3424216000', '0.00', 0, '', 1, 1, '', '', 0, 0, 0),
(66, 1, 1, 39, '0561166666', 'buffet gratuit enfant', 'enfants de moins de 10 ans ', 9, '2014-06-16 18:55:57', '2014-06-21 19:00:00', '2014-06-21 22:00:00', 'muret', '41 boulevard de joffrery', '43.4899284000', '1.3424216000', '0.00', 0, '', 1, 1, '', '', 0, 0, 0),
(67, 1, 1, 39, '0561166666', 'buffet gratuit enfant', 'enfants de moins de 10 ans ', 9, '2014-06-16 18:56:35', '2014-06-18 19:00:00', '2014-06-18 22:30:00', 'muret', '41 boulevard de joffrery', '43.4899284000', '1.3424216000', '0.00', 0, '', 1, 1, '', '', 0, 0, 0),
(68, 1, 1, 39, '0561166666', 'buffet gratuit enfant', 'enfants de moins de 10 ans ', 9, '2014-06-16 18:56:45', '2014-06-18 19:00:00', '2014-06-18 22:30:00', 'muret', '41 boulevard de joffrery', '43.4899284000', '1.3424216000', '0.00', 0, '', 1, 1, '', '', 0, 0, 0),
(69, 1, 1, 39, '0561166666', 'buffet gratuit enfant', 'enfants de moins de 10 ans ', 9, '2014-06-16 18:57:14', '2014-06-22 19:00:00', '2014-06-22 22:30:00', 'muret', '41 boulevard de joffrery', '43.4899284000', '1.3424216000', '0.00', 0, '', 1, 1, '', '', 0, 0, 0),
(70, 1, 1, 39, '0561166666', 'buffet gratuit enfant', 'enfants de moins de 10 ans ', 9, '2014-06-16 18:57:37', '2014-06-25 19:00:00', '2014-06-25 22:00:00', 'muret', '41 boulevard de joffrery', '43.4899284000', '1.3424216000', '0.00', 0, '', 1, 1, '', '', 0, 0, 0),
(71, 1, 1, 39, '0561166666', 'buffet gratuit enfant', 'enfants de moins de 10 ans ', 9, '2014-06-16 18:58:09', '2014-06-29 19:00:00', '2014-06-29 22:00:00', 'Muret', '41 boulevard de joffrery', '43.4899284000', '1.3424216000', '0.00', 0, '', 1, 1, '', '', 0, 0, 0),
(72, 1, 1, 39, '0561166666', 'buffet gratuit enfant', 'concert privé BENJAMIN BOCCONI', 9, '2014-06-16 18:59:54', '2014-07-11 20:00:00', '2014-07-11 23:30:00', 'Muret', '41 boulevard de joffrery', '43.4899284000', '1.3424216000', '0.00', 0, '', 1, 1, '', '', 0, 0, 0),
(73, 1, 1, 39, '0561166666', 'CONCERT PRIVE BENJAMIN BOCCONI', ' THE VOICE 2013', 9, '2014-06-16 19:06:11', '2014-07-11 20:00:00', '2014-07-11 23:30:00', 'Muret', '41 boulevard de joffrery', '43.4900100000', '1.3425260000', '0.00', 0, '', 1, 1, '', '', 0, 0, 0),
(74, 1, 1, 39, '0561166666', 'buffet gratuit enfant', 'enfants de moins de 10 ans ', 9, '2014-06-16 19:09:23', '2014-06-18 19:00:00', '2014-06-18 22:30:00', 'Muret', '41 boulevard de joffrery', '43.4900100000', '1.3425260000', '0.00', 0, '', 1, 1, '', '', 1, 0, 0),
(75, 1, 1, 39, '0561166666', 'buffet gratuit enfant', 'enfants de moins de 10 ans ', 9, '2014-06-16 19:11:07', '2014-06-22 19:00:00', '2014-06-22 22:30:00', 'Muret', '41 boulevard de joffrery', '43.4900100000', '1.3425260000', '0.00', 0, '', 1, 1, '', '', 1, 0, 0),
(76, 1, 1, 39, '0561166666', 'buffet gratuit enfant', 'enfants de moins de 10 ans ', 9, '2014-06-16 19:11:52', '2014-06-25 19:00:00', '2014-06-25 22:30:00', 'Muret', '41 boulevard de joffrery', '43.4900100000', '1.3425260000', '0.00', 0, '', 1, 1, '', '', 1, 0, 0),
(77, 1, 1, 39, '0561166666', 'buffet gratuit enfant', 'enfants de moins de 10 ans ', 9, '2014-06-16 19:12:30', '2014-06-29 19:00:00', '2014-06-29 22:30:00', 'Muret', '41 boulevard de joffrery', '43.4900100000', '1.3425260000', '0.00', 0, '', 1, 1, '', '', 1, 0, 0),
(78, 1, 1, 39, '0561166666', 'BENJAMIN BOCCONI CONCERT PRIVE', ' THE VOICE 2013', 9, '2014-06-16 19:14:36', '2014-07-11 20:00:00', '2014-07-11 23:30:00', 'Muret', '41 boulevard de joffrery', '43.4900100000', '1.3425260000', '0.00', 0, '', 1, 1, '', '', 1, 0, 0),
(79, 1, 1, 40, '0562000000', 'JORKYBALL', 'Foot en salle', 27, '2014-06-17 12:19:51', '2014-06-21 18:00:00', '2014-06-21 19:00:00', 'Toulouse', '', '43.6007003784', '1.4328409433', '0.00', 0, 'créneau libre suite annulation client', 1, 10, '', '', 1, 0, 0),
(80, 1, 1, 40, '0562000000', 'FOOT EN SALLE', '', 27, '2014-06-17 12:22:50', '2014-06-18 16:00:00', '2014-06-18 17:00:00', 'Toulouse', '', '43.6007003784', '1.4328409433', '0.00', 0, '', 1, 1, '', '', 1, 0, 0),
(81, 1, 1, 40, '0562000000', 'ECOLE DE DANSE', 'Cours Salsa', 27, '2014-06-17 12:27:54', '2014-06-20 19:00:00', '2014-06-20 20:00:00', 'Toulouse', '', '43.6007003784', '1.4328409433', '0.00', 0, 'initiation gratuite pour 10 personnes', 1, 10, '', '', 1, 0, 0),
(82, 1, 1, 24, '0562000000', 'PLANET GYM', 'Séance fitness', 27, '2014-06-17 12:29:13', '2014-06-21 14:00:00', '2014-06-21 15:00:00', 'Toulouse', '11 Rue Urbain Vitry', '43.6051051000', '1.4398577000', '0.00', 10, 'cours particuliers', 1, 10, '', '', 1, 0, 0),
(83, 1, 1, 10, '0562000000', 'Foot en salle', 'Foot en salle', 27, '2014-06-17 15:13:51', '2014-06-20 17:00:00', '2014-06-20 18:00:00', 'Toulouse', '5 Chemin Carrosse 31400', '43.5728294000', '1.4794158000', '0.00', 0, '', 1, 1, '', '', 0, 0, 0),
(84, 1, 1, 10, '0562000000', 'SOCCER 5 Foot en salle', 'Foot en salle', 27, '2014-06-17 15:23:51', '2014-06-20 17:00:00', '2014-06-20 18:00:00', 'Toulouse', '5 Chemin Carrosse 31400', '43.5728294000', '1.4794158000', '0.00', 0, '', 1, 1, '', '', 0, 0, 0),
(85, 1, 1, 10, '0562000000', 'SOCCER 5 Foot en salle', 'Foot en salle', 27, '2014-06-17 15:26:04', '2014-06-20 17:00:00', '2014-06-20 18:00:00', 'Toulouse', '5 Chemin Carrosse 31400', '43.5728294000', '1.4794158000', '0.00', 0, '', 1, 1, '', '', 0, 0, 0),
(86, 1, 1, 10, '0562000000', 'SOCCER 5 Foot en salle', 'Foot en salle', 27, '2014-06-17 15:32:13', '2014-06-20 17:00:00', '2014-06-20 18:00:00', 'Toulouse', '5 Chemin Carrosse 31400', '43.5728294000', '1.4794158000', '0.00', 0, '', 1, 1, '', '', 0, 0, 0),
(87, 1, 1, 10, '0562000000', 'SOCCER 5 Foot en salle', 'Foot en salle', 27, '2014-06-17 15:58:56', '2014-06-20 17:00:00', '2014-06-20 18:00:00', 'Toulouse', '5 Chemin Carrosse 31400', '43.5728294000', '1.4794158000', '0.00', 0, '', 1, 1, '', '', 0, 0, 0),
(88, 1, 1, 10, '0562000000', 'SOCCER 5 Foot en salle', 'Foot en salle', 27, '2014-06-17 15:59:57', '2014-06-20 17:00:00', '2014-06-20 18:00:00', 'Toulouse', '5 Chemin Carrosse 31400', '43.5728294000', '1.4794158000', '0.00', 0, '', 1, 1, '', '', 0, 0, 0),
(89, 1, 1, 9, '0562000000', 'THE LIVING ROOM', 'happy hours', 10, '2014-06-22 14:55:09', '2014-06-25 18:30:00', '2014-06-25 19:30:00', 'Toulouse', '26 Boulevard de Strasbourg 31000', '43.6075008000', '1.4471582000', '0.00', 0, '', 1, 1, '', '', 1, 0, 0),
(90, 1, 1, 9, '0562000000', 'THE LIVING ROOM', 'happy hours', 10, '2014-06-22 14:56:37', '2014-06-25 18:30:00', '2014-06-25 19:30:00', 'Toulouse', '26 Boulevard de Strasbourg 31000', '43.6075008000', '1.4471582000', '0.00', 0, '', 1, 1, '', '', 1, 0, 0),
(91, 1, 1, 10, '0562000000', 'SOCCER 5 Foot en salle', '', 27, '2014-06-22 16:32:11', '2014-07-25 19:00:00', '2014-07-25 20:00:00', 'Toulouse', '5 Chemin Carrosse 31400', '43.5728294000', '1.4794158000', '0.00', 20, '', 1, 10, '', 'titi', 1, 0, 0),
(92, 1, 1, 10, '0562000000', 'Futbol31', '', 27, '2014-06-22 16:33:32', '2014-07-25 19:30:00', '2014-07-25 20:00:00', 'Toulouse', 'Portet sur Garonne', '43.5162977000', '1.3994862000', '0.00', 20, '', 1, 10, '', 'toto', 1, 0, 0),
(93, 1, 1, 22, '0562000000', 'BADMINTON Volant Club Toulousain', '', 27, '2014-06-22 16:36:24', '2014-07-25 19:00:00', '2014-07-25 19:30:00', 'Toulouse', 'Zone Thibault 31400', '43.5611027000', '1.4531355000', '0.00', 30, 'créneau disponible', 1, 4, '', '', 1, 0, 0);

-- --------------------------------------------------------

--
-- Structure de la table `partners`
--

CREATE TABLE IF NOT EXISTS `partners` (
  `id` int(11) NOT NULL AUTO_INCREMENT,
  `email` varchar(50) NOT NULL,
  `name` varchar(40) NOT NULL,
  `connection_id` int(11) NOT NULL,
  `datetime` datetime NOT NULL DEFAULT CURRENT_TIMESTAMP,
  PRIMARY KEY (`id`)
) ENGINE=MyISAM  DEFAULT CHARSET=utf8 AUTO_INCREMENT=7 ;

--
-- Contenu de la table `partners`
--

INSERT INTO `partners` (`id`, `email`, `name`, `connection_id`, `datetime`) VALUES
(5, 'titi@gmail.com', 'duchamp', 18, '2014-06-18 02:27:31'),
(4, 'pierre@gmail.com', 'coco', 14, '2014-06-18 02:01:31'),
(6, 'test@gmail.com', 'test&Co', 19, '2014-06-18 02:28:52');

-- --------------------------------------------------------

--
-- Structure de la table `perso_date`
--

CREATE TABLE IF NOT EXISTS `perso_date` (
  `id` int(11) NOT NULL AUTO_INCREMENT,
  `m_id` int(11) NOT NULL,
  `name` varchar(40) NOT NULL,
  `name_id` int(11) NOT NULL DEFAULT '0',
  `datetime` datetime NOT NULL,
  PRIMARY KEY (`id`)
) ENGINE=MyISAM  DEFAULT CHARSET=utf8 AUTO_INCREMENT=72 ;

--
-- Contenu de la table `perso_date`
--

INSERT INTO `perso_date` (`id`, `m_id`, `name`, `name_id`, `datetime`) VALUES
(48, 4, '', 0, '2014-10-31 02:02:00'),
(47, 4, '', 0, '2014-10-23 02:02:00'),
(46, 4, '', 0, '2014-10-31 02:02:00'),
(45, 4, '', 0, '2014-10-31 01:03:00'),
(44, 4, '', 0, '2014-10-31 01:02:00'),
(43, 4, '', 0, '2014-10-31 01:01:00'),
(42, 0, '', 0, '2014-10-31 02:02:00'),
(41, 0, '', 0, '2014-10-23 02:02:00'),
(40, 0, '', 0, '2014-10-31 02:02:00'),
(39, 0, '', 0, '2014-10-31 01:03:00'),
(38, 0, '', 0, '2014-10-31 01:02:00'),
(37, 0, '', 0, '2014-10-31 01:01:00'),
(36, 0, '', 0, '2014-10-31 02:02:00'),
(35, 0, '', 0, '2014-10-23 02:02:00'),
(34, 0, '', 0, '2014-10-31 02:02:00'),
(33, 0, '', 0, '2014-10-31 01:03:00'),
(32, 0, '', 0, '2014-10-31 01:02:00'),
(31, 0, '', 0, '2014-10-31 01:01:00'),
(49, 9, '', 0, '2014-10-23 23:59:00'),
(50, 9, '', 0, '2014-10-23 23:59:00'),
(51, 9, '', 0, '2014-10-23 22:59:00'),
(52, 10, '', 0, '2014-10-23 23:59:00'),
(53, 10, '', 0, '2014-10-23 23:59:00'),
(54, 10, '', 0, '2014-10-23 22:59:00'),
(70, 11, 'Fabien', 0, '2014-11-19 23:59:00'),
(69, 11, '', 0, '2014-11-19 23:59:00'),
(68, 11, '', 0, '2014-11-19 22:58:00'),
(67, 11, 'Pierre', 0, '2014-11-19 22:58:00'),
(71, 11, 'Jean Paul', 0, '2014-11-19 23:59:00');

-- --------------------------------------------------------

--
-- Structure de la table `perso_meet`
--

CREATE TABLE IF NOT EXISTS `perso_meet` (
  `id` int(11) NOT NULL AUTO_INCREMENT,
  `email` varchar(50) NOT NULL,
  `title` varchar(100) NOT NULL,
  `description` varchar(1000) NOT NULL,
  `place` varchar(100) NOT NULL,
  `web_url` varchar(150) NOT NULL,
  `status` tinyint(4) NOT NULL,
  `token` varchar(50) NOT NULL,
  PRIMARY KEY (`id`)
) ENGINE=MyISAM  DEFAULT CHARSET=utf8 AUTO_INCREMENT=12 ;

--
-- Contenu de la table `perso_meet`
--

INSERT INTO `perso_meet` (`id`, `email`, `title`, `description`, `place`, `web_url`, `status`, `token`) VALUES
(4, 'email@email.email1', 'titre1', 'description1', 'lieu1', 'url1', 1, '1234'),
(3, 'email@email.email1', 'titre1', 'description1', 'lieu1', 'url1', 1, '543d13009361a'),
(5, 'email@email.email1', 'titre1', 'description1', 'lieu1', 'url1', 1, '1413290544543d1a3023890'),
(6, 'email@email.email1', 'titre1', 'description1', 'lieu1', 'url1', 1, '1413290597543d1a65c5bc7'),
(7, 'email@email.email1', 'titre1', 'description1', 'lieu1', 'url1', 1, '1413290719543d1adf49df6'),
(8, 'email@email.email1', 'titre1', 'description1', 'lieu1', 'url1', 1, '1413290922543d1baa83c12'),
(9, 'a@g.com', 'a', 'aa', 'aa', 'aa', 1, '1414496225544f7fe151ff8'),
(10, 'a@g.com', 'a', 'aa', 'aa', 'aa', 1, '1414496409544f80996379d'),
(11, 'b@b.com', 'b', 'b', 'b', 'b', 1, '1415204930545a5042a3dd3');

-- --------------------------------------------------------

--
-- Structure de la table `pro`
--

CREATE TABLE IF NOT EXISTS `pro` (
  `id` int(11) NOT NULL AUTO_INCREMENT,
  `type` tinyint(3) NOT NULL COMMENT '0=pro undefined; 1=pro without agenda; 2= pro admin; 3=pro agenda ',
  `category` varchar(50) DEFAULT NULL,
  `title` varchar(40) NOT NULL,
  `subtitle` varchar(40) NOT NULL,
  `email` varchar(100) NOT NULL,
  `pwd` varchar(40) NOT NULL,
  `phone` varchar(10) DEFAULT NULL,
  `label` varchar(50) NOT NULL,
  `city` varchar(50) NOT NULL,
  `zip` int(11) DEFAULT NULL,
  `country` varchar(50) NOT NULL,
  `latitude` decimal(20,10) NOT NULL DEFAULT '0.0000000000',
  `longitude` decimal(20,10) NOT NULL DEFAULT '0.0000000000',
  `logo` varchar(50) NOT NULL,
  `image_description` varchar(50) NOT NULL,
  `booking_url` varchar(150) NOT NULL,
  `info_url` varchar(150) NOT NULL,
  `description` text NOT NULL,
  `status` int(11) NOT NULL DEFAULT '1',
  `bot_status` tinyint(4) NOT NULL COMMENT '0: bug; 1:processed; 2:standby; 3:new',
  `bot_type` tinyint(4) NOT NULL COMMENT '0:clic generic, 1:clic withoutSubmenu, 2:clic iframe',
  PRIMARY KEY (`id`)
) ENGINE=InnoDB  DEFAULT CHARSET=utf8 AUTO_INCREMENT=24 ;

--
-- Contenu de la table `pro`
--

INSERT INTO `pro` (`id`, `type`, `category`, `title`, `subtitle`, `email`, `pwd`, `phone`, `label`, `city`, `zip`, `country`, `latitude`, `longitude`, `logo`, `image_description`, `booking_url`, `info_url`, `description`, `status`, `bot_status`, `bot_type`) VALUES
(1, 2, '7', 'NOCIBE', '', '', '', '0387180212', '40 Rue de la Tête d''Or', 'Metz', 57000, 'FRANCE', '49.1168769000', '6.1780665000', '', '', 'http://www.clicrdv.com/nocibe-0314', 'http://www.nocibe.fr/magasins/nocibe-metz_0314.html', '', 1, 2, 0),
(2, 2, '7', 'NOCIBE', '', '', '', '0561218305', '1 Place du President Thomas Wilson', 'Toulouse', 31000, 'FRANCE', '43.6045753000', '1.4482495000', '', '', 'http://www.clicrdv.com/nocibe-033', 'http://www.nocibe.fr/magasins/nocibe-toulouse-wilson_0033.html', '', 1, 2, 0),
(3, 2, '7', 'NOCIBE', '', '', '', '0562278620', '11-12 Place Wilson', 'Toulouse', 31000, 'FRANCE', '43.6050551000', '1.4466611000', '', '', 'http://www.clicrdv.com/nocibe-1056', 'http://www.nocibe.fr/carte-institut_13661.ic.html', '', 1, 2, 0),
(4, 2, '38', 'PLAY SOCCER', '', '', '', '0561911911', '33 - 35 avenue de Larrieu (sortie 38)', 'Toulouse', 31100, 'FRANCE', '43.5486536000', '1.4053886000', '', '', 'https://www.clicrdv.com/play-soccer', 'http://www.play-soccer.fr/', '', 1, 2, 1),
(5, 2, '7', 'BORDEROUGE ESTHETIQUE', '', '', '', '0561260022', '4 pl. Antonin Froidure', 'Toulouse', 31200, 'FRANCE', '43.6288042000', '1.4500649000', '', '', 'http://www.borderouge-esthetique.fr/appointment', 'http://www.borderouge-esthetique.fr/institut-de-beaute-toulouse', '', 1, 2, 2),
(6, 2, '7', 'YVES ROCHER', '', '', '', '0534450736', '10 r Alsace Lorraine', 'Toulouse', 31000, 'FRANCE', '43.6006999000', '1.4328410000', '', '', 'http://www.clicrdv.com/FRYROC46?locale=fr_FR', 'http://www.yves-rocher.fr/control/epm/france/fr/moncdb/soins-en-institut/at/europe/france/midi-pyrenees/toulouse/toulouse-alsace', '', 1, 2, 0),
(7, 2, '7', 'YVES ROCHER', '', '', '', '', '49 rue du Faubourg Bonnefoy', 'Toulouse', 31500, 'FRANCE', '43.6180624000', '1.4555981000', '', '', 'http://www.clicrdv.com/FRYROC613?locale=fr_FR', 'http://www.yves-rocher.fr/control/epm/france/fr/moncdb/soins-en-institut/at/europe/france/midi-pyrenees/toulouse/toulouse-bonnefoy', '', 1, 2, 0),
(8, 2, '7', 'YVES ROCHER', '', '', '', '0561381815', '2 Ch De La Gabardie (CC Toulouse Gramont)', 'Toulouse', 31200, 'FRANCE', '43.6319850000', '1.4854640000', '', '', 'http://www.clicrdv.com/FRYROC897?locale=fr_FR', 'http://www.yves-rocher.fr/control/epm/france/fr/moncdb/soins-en-institut/at/europe/france/midi-pyrenees/toulouse/toulouse-gramont-cc', '', 1, 2, 0),
(9, 2, '7', 'YVES ROCHER', '', '', '', '0561583576', '2 Allée E.Zola (CC Blagnac)', 'Toulouse', 31700, 'FRANCE', '43.6453630000', '1.3725630000', '', '', 'http://www.clicrdv.com/FRYROC410?locale=fr_FR', 'http://www.yves-rocher.fr/control/epm/france/fr/moncdb/soins-en-institut/at/europe/france/midi-pyrenees/toulouse/blagnac-c-cial', '', 1, 2, 0),
(10, 2, '7', 'YVES ROCHER', '', '', '', '0562876431', 'Galerie Marchande CARREFOUR', 'PORTET SUR GARONNE', 31127, 'FRANCE', '43.5339890000', '1.4031300000', '', '', 'http://www.clicrdv.com/FRYROC647?locale=fr_FR', 'http://www.yves-rocher.fr/control/epm/france/fr/moncdb/soins-en-institut/at/europe/france/midi-pyrenees/portet-sur-garonne/portet-sur-garonne', '', 1, 2, 0),
(11, 2, '7', 'YVES ROCHER', '', '', '', '0562249776', 'Ctre Cial CARREFOUR ', 'Labège', 31670, 'FRANCE', '43.5396504000', '1.5207335000', '', '', 'http://www.clicrdv.com/FRYROC411?locale=fr_FR', 'http://www.clicrdv.com/FRYROC411?locale=fr_FR', '', 1, 2, 0),
(12, 2, '7', 'YVES ROCHER', '', '', '', '0561132097', '5 Allée des Champs Pinsons', 'Saint Orens', 31650, 'FRANCE', '43.5550520000', '1.5331574000', '', '', 'http://www.clicrdv.com/FRYROC894?locale=fr_FR', 'http://www.yves-rocher.fr/control/epm/france/fr/moncdb/at/europe/france/midi-pyrenees/st-orens-de-gameville/saint-orens-centre-commercial', '', 1, 2, 0),
(13, 2, '7', 'EPHELIDE', '', '', '', '0561429163', '49 av Etienne Billières', 'Toulouse', 31300, 'FRANCE', '43.5966420000', '1.4251610000', '', '', 'https://www.clicrdv.com/875-ephelide?clicrdv_widget=1&widget_width=600&websource=http%3A%2F%2Fwww.ephelide-beaute.fr%2F', 'http://www.ephelide-beaute.fr/', '', 1, 2, 0),
(14, 2, '37', 'AUTOVISION', '', '', '', '0561476178', '131 Chemin Sang de Serp', 'Toulouse', 31200, 'FRANCE', '43.6007000000', '1.4328410000', '', '', 'http://www.actm31.com/', 'http://www.actm31.com/', '', 1, 2, 0),
(15, 2, '6', 'CYCLEAUJETS', '', '', '', '0561005545', '2 r Languedoc', 'Toulouse', 31000, 'FRANCE', '43.5966630000', '1.4457530000', '', '', 'https://www.clicrdv.com/so-forme-toulouse?popin=1', 'http://cycleaujets.com/les-tarifs.html', '', 1, 2, 0),
(16, 2, '7', 'L''ONGLERIE', '', '', '', '0567116393', '129 Rue du Faubourg Bonnefoy', 'Toulouse', 31500, 'FRANCE', '43.6209077000', '1.4573420000', '', '', 'https://www.clicrdv.com/onglerie-de-toulouse-bonnefoy', 'http://www.l-onglerie.fr/prestations', '', 1, 2, 0),
(17, 2, '7', 'L''ONGLERIE', '', '', '', '0562212992', '2 Allée Emile Zola', 'Blagnac', 31700, 'FRANCE', '43.6446360000', '1.3698170000', '', '', 'https://www.clicrdv.com/longlerie-blagnac', 'http://www.l-onglerie.fr/prestations', '', 1, 2, 0),
(18, 2, '7', 'L''ONGLERIE', '', '', '', '0561576283', 'C.C. Leclerc Porte C Orange', 'St-Orens-de-Gameville', 31650, 'FRANCE', '43.5662330000', '1.5178865000', '', '', 'http://www.clicrdv.com/longlerie-de-toulouse-saint-orens', 'http://www.l-onglerie.fr/centres/st-orens-de-gameville', '', 1, 2, 0),
(19, 2, '39', 'Docteur HERZI', '', '', '', '0534300542', '12 rue Jean Poncelet', 'Toulouse', 31500, 'FRANCE', '43.6141808000', '1.4714852000', '', '', 'http://www.cabinet-docteur-herzi.fr/', 'http://www.cabinet-docteur-herzi.fr/', '', 1, 2, 1),
(20, 2, '37', 'AUTOSUR', '', '', '', '0561216667', '46, boulevard des Minimes Résidence des Violettes', 'Toulouse', 31000, 'FRANCE', '43.6158430000', '1.4412140000', '', '', 'http://controle-technique.autosur.com/10322-autosur-toulouse', 'http://controle-technique.autosur.com/10322-autosur-toulouse', '', 1, 2, 2),
(21, 2, '40', 'osteopathe BERRANGER', '', '', '', '0630776973', '2 Boulevard d''Arcole', 'Toulouse', 31000, 'FRANCE', '43.6108319000', '1.4432011000', '', '', 'https://www.clicrdv.com/osteopathe-berranger', 'http://www.berranger-osteopathe-toulouse.fr/', '', 1, 2, 0),
(22, 2, '41', 'Opticeo', '', '', '', '0531616123', '41 Avenue de Lombez', 'Toulouse', 31300, 'FRANCE', '43.5939705000', '1.4192941000', '', '', 'http://www.clicrdv.com/opticeo-8-toulouse', 'https://www.opticeo.fr/toulouse', '', 1, 2, 1),
(23, 2, '42', 'Clinique Esthétique Saint-Aubin', '', '', '', '0534418787', '9, impasse saint- Aubin', 'Toulouse', 31000, 'FRANCE', '43.6037497000', '1.4531803000', '', '', 'https://www.clicrdv.com/clinique-esthetique-saint-aubin', 'http://www.cliniquesaintaubin.com/chirurgie-esthetique/chirurgie-esthetique-du-corps-3d/', '', 1, 2, 0);

-- --------------------------------------------------------

--
-- Structure de la table `stats`
--

CREATE TABLE IF NOT EXISTS `stats` (
  `connection_id` int(100) NOT NULL AUTO_INCREMENT,
  `connection_datetime` datetime NOT NULL,
  `login_datetime` datetime NOT NULL,
  `ip` varchar(20) CHARACTER SET utf8 NOT NULL,
  `user_type` tinyint(4) NOT NULL,
  `email` varchar(100) CHARACTER SET utf8 NOT NULL,
  `city_page` varchar(50) CHARACTER SET utf8 NOT NULL,
  `category_page` varchar(40) CHARACTER SET utf8 NOT NULL,
  `actions` varchar(5000) CHARACTER SET utf8 NOT NULL,
  PRIMARY KEY (`connection_id`)
) ENGINE=InnoDB  DEFAULT CHARSET=latin1 AUTO_INCREMENT=80 ;

--
-- Contenu de la table `stats`
--

INSERT INTO `stats` (`connection_id`, `connection_datetime`, `login_datetime`, `ip`, `user_type`, `email`, `city_page`, `category_page`, `actions`) VALUES
(1, '2014-06-17 09:41:21', '0000-00-00 00:00:00', '::1', 0, '', 'Toulouse', 'festivals', 'CON_START-SEARCH with:Toulouse/festivals/2014-06-17/-SEARCH with:Toulouse/festivals/2014-06-17/-SEARCH with:Toulouse/festivals/2014-06-17/-SEARCH with:Toulouse/festivals/2014-06-17/-SEARCH with:Toulouse/festivals/2014-06-17/-SEARCH with:Toulouse/festivals/2014-06-17/-SEARCH with:Toulouse/festivals/2014-06-17/-SEARCH with:Toulouse/tous/2014-06-17/-SEARCH with:Toulouse/tous/2014-06-17/-SEARCH with:Toulouse/concerts/2014-06-17/-SEARCH with:Toulouse/tous/2014-06-17/-SEARCH with:Toulouse/musées/2014-06-17/-SEARCH with:Toulouse/tous/2014-06-17/-SEARCH with:Toulouse/sport/2014-06-17/-SEARCH with:Toulouse/sport/2014-06-17/-SEARCH with:Toulouse/tous/2014-06-17/-SEARCH with:Toulouse/tous/2014-06-17/-SEARCH with:Toulouse/tous/2014-06-17/-SEARCH with:Toulouse/tous/2014-06-17/-SEARCH with:Toulouse/tous/2014-06-17/-SEARCH with:Toulouse/sport/2014-06-19/-SEARCH with:Toulouse/sport/2014-06-19/-SEARCH with:Toulouse/sport/2014-06-19/-SEARCH with:Toulouse/sport/2014-06-19/-SEARCH with:Toulouse/sport/2014-06-19/-SEARCH with:Toulouse/sport/2014-06-19/-SEARCH with:Toulouse/sport/2014-06-19/-SEARCH with:Toulouse/sport/2014-06-19/-SEARCH with:Toulouse/sport/2014-06-19/-SEARCH with:Toulouse/sport/2014-06-19/-SEARCH with:Toulouse/tous/2014-06-19/-SEARCH with:Toulouse/sport/2014-06-20/-SEARCH with:Toulouse/sport/2014-06-20/-SEARCH with:Toulouse/sport/2014-06-20/-SEARCH with:Toulouse/sport/2014-06-20/-SEARCH with:Toulouse/sport/2014-06-20/-SEARCH with:Toulouse/sport/2014-06-20/-SEARCH with:Toulouse/sport/2014-06-20/-SEARCH with:Toulouse/sport/2014-06-20/-SEARCH with:Toulouse/sport/2014-06-20/-SEARCH with:Toulouse/sport/2014-06-20/-SEARCH with:Toulouse/sport/2014-06-20/-SEARCH with:Toulouse/sport/2014-06-20/-SEARCH with:Toulouse/sport/2014-06-20/-SEARCH with:Toulouse/sport/2014-06-20/-SEARCH with:Toulouse/sport/2014-06-20/-SEARCH with:Toulouse/sport/2014-06-20/-SEARCH with:Toulouse/sport/2014-06-20/-SEARCH with:Toulouse/sport/2014-06-20/-SEARCH with:Toulouse/sport/2014-06-20/-SEARCH with:Toulouse/sport/2014-06-20/-SEARCH with:Toulouse/sport/2014-06-20/-SEARCH with:Toulouse/sport/2014-06-20/-SEARCH with:Toulouse/tous/2014-06-20/-'),
(2, '2014-06-17 17:41:53', '2014-06-17 17:42:01', '::1', 0, 'foot@gmail.com', 'Toulouse', 'tous', 'CON_START-SEARCH with:Toulouse/tous/2014-06-17/-SEARCH with:Toulouse/tous/2014-06-17/-SEARCH with:Toulouse/tous/2014-06-17/-SEARCH with:Toulouse/tous/2014-06-17/-SEARCH with:other/other/2014-06-17/-'),
(3, '2014-06-17 18:56:20', '2014-06-17 19:02:43', '::1', 0, 'foot@gmail.com', 'Toulouse', 'tous', 'CON_START-SEARCH with:Toulouse/tous/2014-06-17/-SEARCH with:Toulouse/tous/2014-06-17/-SEARCH with:Toulouse/tous/2014-06-17/-SEARCH with:Toulouse/tous/2014-06-17/-SEARCH with:Toulouse/tous/2014-06-17/-SEARCH with:Toulouse/tous/2014-06-17/-SEARCH with:Toulouse/tous/2014-06-17/-SEARCH with:Toulouse/sport/2014-06-17/-SEARCH with:Toulouse/sport/2014-06-17/-SEARCH with:Toulouse/sport/2014-06-20/-SEARCH with:Toulouse/sport/2014-06-20/-SEARCH with:Toulouse/sport/2014-06-20/-SEARCH with:Toulouse/sport/2014-06-20/-SEARCH with:Toulouse/sport/2014-06-20/-SEARCH with:Toulouse/sport/2014-06-20/-SEARCH with:Toulouse/sport/2014-06-20/-SEARCH with:Toulouse/sport/2014-06-20/-SEARCH with:Toulouse/sport/2014-06-20/-SEARCH with:Toulouse/sport/2014-06-20/-SEARCH with:Toulouse/sport/2014-06-20/-SEARCH with:Toulouse/sport/2014-06-20/-SEARCH with:Toulouse/tous/2014-06-20/-SEARCH with:Toulouse/tous/2014-06-20/-SEARCH with:Toulouse/tous/2014-06-20/-SEARCH with:Toulouse/tous/2014-06-20/-SEARCH with:Toulouse/tous/2014-06-20/-SEARCH with:Toulouse/sport/2014-06-20/-SEARCH with:Toulouse/sport/2014-06-20/-SEARCH with:Toulouse/sport/2014-06-20/-SEARCH with:Toulouse/tous/2014-06-17/-SEARCH with:Toulouse/sport/2014-06-20/-SEARCH with:Toulouse/sport/2014-06-20/-SEARCH with:Toulouse/sport/2014-06-20/-SEARCH with:Toulouse/tous/2014-06-17/-SEARCH with:Toulouse/sport/2014-06-20/-SEARCH with:Toulouse/sport/2014-06-20/-SEARCH with:Toulouse/tous/2014-06-20/-SEARCH with:Toulouse/tous/2014-06-17/-SEARCH with:Toulouse/sport/2014-06-20/-SEARCH with:Toulouse/sport/2014-06-20/-SEARCH with:Toulouse/sport/2014-06-20/-SEARCH with:Toulouse/sport/2014-06-17/-SEARCH with:Toulouse/sport/2014-06-20/-'),
(4, '2014-06-17 22:18:16', '0000-00-00 00:00:00', '::1', 0, '', 'Toulouse', 'tous', 'CON_START-SEARCH with:Toulouse/tous/2014-06-17/-SEARCH with:Toulouse/tous/2014-06-17/-SEARCH with:Toulouse/tous/2014-06-17/-'),
(5, '2014-06-17 23:05:24', '0000-00-00 00:00:00', '::1', 0, '', 'Toulouse', 'tous', 'CON_START-'),
(6, '2014-06-17 23:06:40', '0000-00-00 00:00:00', '::1', 0, '', 'Toulouse', 'tous', 'CON_START-SEARCH with:Toulouse/tous/2014-06-17/-'),
(7, '2014-06-17 23:13:42', '0000-00-00 00:00:00', '::1', 0, '', 'Toulouse', 'tous', 'CON_START-'),
(8, '2014-06-17 23:17:50', '0000-00-00 00:00:00', '::1', 0, '', 'Toulouse', 'tous', 'CON_START-'),
(9, '2014-06-17 23:17:53', '0000-00-00 00:00:00', '::1', 0, '', 'Toulouse', 'tous', 'CON_START-SEARCH with:Toulouse/tous/2014-06-17/-SEARCH with:Toulouse/tous/2014-06-17/-'),
(10, '2014-06-17 23:27:27', '0000-00-00 00:00:00', '::1', 0, '', 'Toulouse', 'tous', 'CON_START-SEARCH with:Toulouse/tous/2014-06-17/-'),
(11, '2014-06-17 23:38:00', '0000-00-00 00:00:00', '::1', 0, '', 'Toulouse', 'tous', 'CON_START-'),
(12, '2014-06-17 23:42:47', '0000-00-00 00:00:00', '::1', 0, '', 'Toulouse', 'tous', 'CON_START-SEARCH with:Toulouse/tous/2014-06-17/-NEW PARTNER'),
(13, '2014-06-17 23:47:40', '0000-00-00 00:00:00', '::1', 0, '', 'Toulouse', 'tous', 'CON_START-SEARCH with:Toulouse/tous/2014-06-17/-NEW PARTNER'),
(14, '2014-06-17 23:59:32', '0000-00-00 00:00:00', '::1', 0, '', 'Toulouse', 'tous', 'CON_START-SEARCH with:Toulouse/tous/2014-06-17/-NEW PARTNER'),
(15, '2014-06-18 00:02:09', '0000-00-00 00:00:00', '::1', 0, '', 'Toulouse', 'tous', 'CON_START-SEARCH with:Toulouse/tous/2014-06-18/-'),
(16, '2014-06-18 00:07:12', '0000-00-00 00:00:00', '::1', 0, '', 'Toulouse', 'tous', 'CON_START-SEARCH with:Toulouse/tous/2014-06-18/-SEARCH with:Toulouse/tous/2014-06-18/-'),
(17, '2014-06-18 00:14:50', '0000-00-00 00:00:00', '::1', 0, '', 'Toulouse', 'tous', 'CON_START-SEARCH with:Toulouse/tous/2014-06-18/-SEARCH with:Toulouse/tous/2014-06-18/-SEARCH with:Toulouse/tous/2014-06-18/-SEARCH with:Toulouse/tous/2014-06-18/-SEARCH with:Toulouse/tous/2014-06-18/-SEARCH with:Toulouse/tous/2014-06-18/-SEARCH with:Toulouse/tous/2014-06-18/-SEARCH with:Toulouse/tous/2014-06-18/-SEARCH with:Toulouse/tous/2014-06-18/-'),
(18, '2014-06-18 00:26:05', '0000-00-00 00:00:00', '::1', 0, '', 'Toulouse', 'tous', 'CON_START-SEARCH with:Toulouse/tous/2014-06-18/-NEW PARTNERSEARCH with:Toulouse/tous/2014-06-18/-'),
(19, '2014-06-18 00:28:07', '0000-00-00 00:00:00', '::1', 0, '', 'Toulouse', 'tous', 'CON_START-SEARCH with:Toulouse/tous/2014-06-18/-NEW PARTNER'),
(20, '2014-06-18 00:31:51', '0000-00-00 00:00:00', '::1', 0, '', 'Toulouse', 'tous', 'CON_START-'),
(21, '2014-06-18 00:32:33', '0000-00-00 00:00:00', '::1', 0, '', 'Toulouse', 'tous', 'CON_START-'),
(22, '2014-06-18 00:34:18', '0000-00-00 00:00:00', '::1', 0, '', 'Toulouse', 'tous', 'CON_START-'),
(23, '2014-06-18 00:35:22', '0000-00-00 00:00:00', '::1', 0, '', 'Toulouse', 'tous', 'CON_START-'),
(24, '2014-06-18 00:36:49', '0000-00-00 00:00:00', '::1', 0, '', 'Toulouse', 'tous', 'CON_START-'),
(25, '2014-06-18 00:39:55', '0000-00-00 00:00:00', '::1', 0, '', 'Toulouse', 'tous', 'CON_START-'),
(26, '2014-06-18 00:40:48', '0000-00-00 00:00:00', '::1', 0, '', 'Toulouse', 'tous', 'CON_START-'),
(27, '2014-06-18 00:43:00', '0000-00-00 00:00:00', '::1', 0, '', 'Toulouse', 'tous', 'CON_START-'),
(28, '2014-06-18 00:43:49', '0000-00-00 00:00:00', '::1', 0, '', 'Toulouse', 'tous', 'CON_START-'),
(29, '2014-06-18 00:45:56', '0000-00-00 00:00:00', '::1', 0, '', 'Toulouse', 'tous', 'CON_START-'),
(30, '2014-06-18 00:46:26', '0000-00-00 00:00:00', '::1', 0, '', 'Toulouse', 'tous', 'CON_START-'),
(31, '2014-06-18 00:47:51', '0000-00-00 00:00:00', '::1', 0, '', 'Toulouse', 'tous', 'CON_START-'),
(32, '2014-06-18 00:49:41', '0000-00-00 00:00:00', '::1', 0, '', 'Toulouse', 'tous', 'CON_START-SEARCH with:Toulouse/tous/2014-06-18/-'),
(33, '2014-06-19 11:52:46', '2014-06-19 11:53:34', '::1', 0, 'foot@gmail.com', 'Toulouse', 'tous', 'CON_START-SEARCH with:Toulouse/tous/2014-06-19/-SEARCH with:Toulouse/sport/2014-06-19/-'),
(34, '2014-06-22 14:07:26', '2014-06-22 14:54:19', '::1', 0, 'wildrose@gmail.com', 'Toulouse', 'tous', 'CON_START-SEARCH with:Toulouse/bar/2014-06-22/-'),
(35, '2014-06-22 16:30:09', '0000-00-00 00:00:00', '::1', 0, '', 'Toulouse', 'tous', 'CON_START-'),
(36, '2014-06-22 16:34:47', '2014-06-22 16:34:54', '::1', 0, 'volant@gmail.com', 'Toulouse', 'tous', 'CON_START-SEARCH with:Toulouse/sport/2014-06-22/-SEARCH with:Toulouse/sport/2014-06-22/-SEARCH with:Toulouse/sport/2014-07-25/-SEARCH with:Toulouse/sport/2014-07-25/-SEARCH with:Toulouse/sport/2014-07-25/-SEARCH with:Toulouse/sport/2014-07-25/-'),
(37, '2014-09-10 13:48:36', '0000-00-00 00:00:00', '::1', 0, '', 'Toulouse', 'tous', 'CON_START-'),
(38, '2014-09-14 19:09:36', '0000-00-00 00:00:00', '::1', 0, '', 'Toulouse', 'tous', 'CON_START-SEARCH with:Toulouse/tous/2014-09-14/-SEARCH with:Toulouse/tous/2014-09-14/-'),
(39, '2014-10-14 10:33:16', '0000-00-00 00:00:00', '::1', 0, '', 'Toulouse', 'tous', 'CON_START-'),
(40, '2014-10-17 09:27:29', '0000-00-00 00:00:00', '::1', 0, '', 'Toulouse', 'tous', 'CON_START-SEARCH with:Toulouse/tous/Toulouse//2014-10-17-'),
(41, '2014-10-20 13:56:29', '0000-00-00 00:00:00', '::1', 0, '', 'Toulouse', 'tous', 'CON_START-SEARCH with:Toulouse/tous/2014-10-20/-SEARCH with:Toulouse/tous/2014-10-20/-'),
(42, '2014-10-23 11:34:01', '0000-00-00 00:00:00', '::1', 0, '', 'Toulouse', 'tous', 'CON_START-SEARCH with:Toulouse/tous/2014-10-23/-SEARCH with:Toulouse/tous/2014-10-23/-SEARCH with:Toulouse/tous/2014-10-23/-SEARCH with:Toulouse/tous/2014-10-23/-SEARCH with:Toulouse/tous/2014-10-23/-SEARCH with:Toulouse/tous/2014-10-23/-SEARCH with:Toulouse/tous/2014-10-23/-'),
(43, '2014-10-27 09:18:44', '0000-00-00 00:00:00', '::1', 0, '', 'Toulouse', 'tous', 'CON_START-SEARCH with:Toulouse/tous/2014-10-27/-'),
(44, '2014-10-28 11:22:42', '0000-00-00 00:00:00', '::1', 0, '', 'Toulouse', 'tous', 'CON_START-SEARCH with:Toulouse/tous/2014-10-28/-'),
(45, '2014-10-30 09:58:31', '0000-00-00 00:00:00', '::1', 0, '', 'Toulouse', 'tous', 'CON_START-'),
(46, '2014-11-04 09:42:21', '0000-00-00 00:00:00', '::1', 0, '', 'Toulouse', 'tous', 'CON_START-'),
(47, '2014-11-05 16:31:13', '0000-00-00 00:00:00', '::1', 0, '', 'Toulouse', 'tous', 'CON_START-'),
(48, '2014-11-17 09:50:36', '0000-00-00 00:00:00', '::1', 0, '', 'Toulouse', 'tous', 'CON_START-SEARCH with:Toulouse/tous/2014-11-17/-SEARCH with:Toulouse/tous/2014-11-17/-SEARCH with:Toulouse/tous/2014-11-17/-SEARCH with:Toulouse/tous/2014-11-17/-SEARCH with:Toulouse/tous/2014-11-17/-SEARCH with:Toulouse/tous/2014-11-17/-SEARCH with:Toulouse/tous/2014-11-17/-SEARCH with:Toulouse/tous/2014-11-17/-SEARCH with:Toulouse/tous/2014-11-17/-SEARCH with:Toulouse/tous/2014-11-17/-SEARCH with:Toulouse/tous/2014-11-17/-SEARCH with:Toulouse/tous/2014-11-17/-SEARCH with:Toulouse/tous/2014-11-17/-SEARCH with:Toulouse/tous/2014-11-17/-SEARCH with:Toulouse/tous/2014-11-17/-SEARCH with:Toulouse/tous/2014-11-17/-SEARCH with:Toulouse/tous/2014-11-17/-SEARCH with:Toulouse/tous/2014-11-17/-SEARCH with:Toulouse/tous/2014-11-17/-SEARCH with:Toulouse/tous/2014-11-17/-SEARCH with:Toulouse/tous/2014-11-17/-SEARCH with:Toulouse/tous/2014-11-17/-SEARCH with:Toulouse/tous/2014-11-17/-SEARCH with:Toulouse/tous/2014-11-17/-SEARCH with:Toulouse/tous/2014-11-17/-'),
(49, '2014-11-18 09:27:13', '0000-00-00 00:00:00', '::1', 0, '', 'Toulouse', 'tous', 'CON_START-SEARCH with:Toulouse/tous/2014-11-18/-SEARCH with:Toulouse/tous/2014-11-18/-SEARCH with:Toulouse/tous/2014-11-18/-SEARCH with:Toulouse/tous/2014-11-18/-SEARCH with:Toulouse/tous/2014-11-18/-SEARCH with:Toulouse/tous/2014-11-18/-SEARCH with:Toulouse/tous/2014-11-18/-SEARCH with:Toulouse/tous/2014-11-18/-SEARCH with:Toulouse/tous/2014-11-18/-SEARCH with:Toulouse/tous/2014-11-18/-SEARCH with:Toulouse/tous/2014-11-18/-SEARCH with:Toulouse/tous/2014-11-18/-SEARCH with:Toulouse/tous/2014-11-18/-SEARCH with:Toulouse/tous/2014-11-18/-SEARCH with:Toulouse/tous/2014-11-18/-SEARCH with:Toulouse/tous/2014-11-18/-SEARCH with:Toulouse/tous/2014-11-18/-SEARCH with:Toulouse/tous/2014-11-18/-SEARCH with:Toulouse/tous/2014-11-18/-SEARCH with:Toulouse/tous/2014-11-18/-SEARCH with:Toulouse/tous/2014-11-18/-SEARCH with:Toulouse/tous/2014-11-18/-SEARCH with:Toulouse/tous/2014-11-18/-SEARCH with:Toulouse/tous/2014-11-18/-SEARCH with:Toulouse/tous/2014-11-18/-SEARCH with:Toulouse/tous/2014-11-18/-SEARCH with:Toulouse/tous/2014-11-18/-SEARCH with:Toulouse/tous/2014-11-18/-SEARCH with:Toulouse/tous/2014-11-18/-SEARCH with:Toulouse/tous/2014-11-18/-SEARCH with:Toulouse/tous/2014-11-18/-SEARCH with:Toulouse/tous/2014-11-18/-SEARCH with:Toulouse/tous/2014-11-18/-SEARCH with:Toulouse/tous/2014-11-18/-SEARCH with:Toulouse/tous/2014-11-18/-SEARCH with:Toulouse/tous/2014-11-18/-SEARCH with:Toulouse/tous/2014-11-18/-SEARCH with:Toulouse/tous/2014-11-18/-SEARCH with:Toulouse/tous/2014-11-18/-SEARCH with:Toulouse/tous/2014-11-18/-SEARCH with:Toulouse/tous/2014-11-18/-SEARCH with:Toulouse/tous/2014-11-18/-SEARCH with:Toulouse/tous/2014-11-18/-SEARCH with:Toulouse/tous/2014-11-18/-SEARCH with:Toulouse/tous/2014-11-18/-SEARCH with:Toulouse/tous/2014-11-18/-SEARCH with:Toulouse/tous/2014-11-18/-SEARCH with:Toulouse/tous/2014-11-18/-SEARCH with:Toulouse/tous/2014-11-18/-'),
(50, '2014-11-20 08:16:31', '0000-00-00 00:00:00', '::1', 0, '', 'Toulouse', 'tous', 'CON_START-SEARCH with:Toulouse/tous/2014-11-20/-SEARCH with:Toulouse/tous/2014-11-20/-SEARCH with:Toulouse/tous/2014-11-20/-'),
(51, '2014-11-20 08:17:32', '0000-00-00 00:00:00', '::1', 0, '', 'Toulouse', 'tous', 'CON_START-SEARCH with:Toulouse/tous/2014-11-20/-SEARCH with:Toulouse/tous/2014-11-20/-'),
(52, '2014-11-20 08:37:02', '0000-00-00 00:00:00', '::1', 0, '', 'Toulouse', 'tous', 'CON_START-'),
(53, '2014-11-24 09:18:48', '0000-00-00 00:00:00', '::1', 0, '', 'Toulouse', 'tous', 'CON_START-SEARCH with:Toulouse/tous/2014-11-24/-'),
(54, '2014-11-24 10:21:34', '0000-00-00 00:00:00', '::1', 0, '', 'Toulouse', 'tous', 'CON_START-SEARCH with:Toulouse/tous/2014-11-24/-SEARCH with:Toulouse/tous/2014-11-24/-SEARCH with:Toulouse/tous/2014-11-24/-SEARCH with:Toulouse/tous/2014-11-24/-SEARCH with:Toulouse/tous/2014-11-24/-SEARCH with:Toulouse/tous/2014-11-24/-SEARCH with:Toulouse/tous/2014-11-24/-SEARCH with:Toulouse/tous/2014-11-24/-SEARCH with:Toulouse/tous/2014-11-24/-SEARCH with:Toulouse/tous/2014-11-24/-SEARCH with:Toulouse/tous/2014-11-24/-SEARCH with:Toulouse/tous/2014-11-24/-SEARCH with:Toulouse/tous/2014-11-24/-SEARCH with:Toulouse/tous/2014-11-24/-SEARCH with:Toulouse/tous/2014-11-24/-SEARCH with:Toulouse/tous/2014-11-24/-SEARCH with:Toulouse/tous/2014-11-24/-SEARCH with:Toulouse/tous/2014-11-24/-SEARCH with:Toulouse/tous/2014-11-24/-SEARCH with:Toulouse/tous/2014-11-24/-SEARCH with:Toulouse/tous/2014-11-24/-SEARCH with:Toulouse/tous/2014-11-24/-SEARCH with:Toulouse/tous/2014-11-24/-SEARCH with:Toulouse/tous/2014-11-24/-SEARCH with:Toulouse/tous/2014-11-24/-SEARCH with:Toulouse/tous/2014-11-24/-SEARCH with:Toulouse/tous/2014-11-24/-SEARCH with:Toulouse/tous/2014-11-24/-SEARCH with:Toulouse/tous/2014-11-24/-SEARCH with:Toulouse/tous/2014-11-24/-SEARCH with:Toulouse/tous/2014-11-24/-SEARCH with:Toulouse/tous/2014-11-24/-SEARCH with:Toulouse/tous/2014-11-24/-SEARCH with:Toulouse/tous/2014-11-24/-SEARCH with:Toulouse/tous/2014-11-24/-SEARCH with:Toulouse/tous/2014-11-24/-SEARCH with:Toulouse/tous/2014-11-24/-'),
(55, '2014-11-25 09:31:45', '0000-00-00 00:00:00', '::1', 0, '', 'Toulouse', 'tous', 'CON_START-SEARCH with:Toulouse/tous/2014-11-25/-SEARCH with:Toulouse/tous/2014-11-25/-SEARCH with:Toulouse/tous/2014-11-25/-'),
(56, '2014-11-25 09:59:29', '0000-00-00 00:00:00', '::1', 0, '', 'Toulouse', 'tous', 'CON_START-SEARCH with:Toulouse/tous/2014-11-25/-SEARCH with:Toulouse/tous/2014-11-25/-SEARCH with:Toulouse/tous/2014-11-25/-SEARCH with:Toulouse/tous/2014-11-25/-'),
(57, '2014-11-26 22:17:19', '0000-00-00 00:00:00', '::1', 0, '', 'Toulouse', 'tous', 'CON_START-SEARCH with:Toulouse/tous/2014-11-26/-SEARCH with:Toulouse/tous/2014-11-26/maquillage-SEARCH with:Toulouse/tous/2014-11-26/cours-SEARCH with:Toulouse/tous/2014-11-26/soin-SEARCH with:Toulouse/tous/2014-11-26/manucurie-SEARCH with:Toulouse/tous/2014-11-28/manucurie-SEARCH with:Toulouse/tous/2014-11-30/manucurie-SEARCH with:Toulouse/tous/2014-11-30/-'),
(58, '2014-11-27 21:01:02', '0000-00-00 00:00:00', '::1', 0, '', 'Toulouse', 'tous', 'CON_START-SEARCH with:Toulouse/tous/2014-11-27/-SEARCH with:Toulouse/tous/2014-11-27/-SEARCH with:Toulouse/tous/2014-11-27/maquillage-SEARCH with:Toulouse/tous/2014-11-27/ralentisseur-SEARCH with:Toulouse/tous/2014-11-27/soin-'),
(59, '2014-11-28 09:45:25', '0000-00-00 00:00:00', '::1', 0, '', 'Toulouse', 'tous', 'CON_START-SEARCH with:Toulouse/tous/2014-11-28/maquillage-'),
(60, '2014-12-01 09:34:23', '0000-00-00 00:00:00', '::1', 0, '', 'Toulouse', 'tous', 'CON_START-SEARCH with:Toulouse/tous/2014-12-01/foot-SEARCH with:Toulouse/tous/2014-12-01/foot-SEARCH with:Toulouse/tous/2014-12-01/foot-SEARCH with:Toulouse/tous/2014-12-01/foot-SEARCH with:Toulouse/tous/2014-12-01/foot-SEARCH with:Toulouse/tous/2014-12-01/foot-SEARCH with:Toulouse/tous/2014-12-01/foot-SEARCH with:Toulouse/tous/2014-12-01/foot-SEARCH with:Toulouse/tous/2014-12-01/foot-SEARCH with:Toulouse/tous/2014-12-01/foot-SEARCH with:Toulouse/tous/2014-12-01/foot-SEARCH with:Toulouse/tous/2014-12-01/foot-SEARCH with:Toulouse/tous/2014-12-01/foot-SEARCH with:Toulouse/tous/2014-12-01/foot-SEARCH with:Toulouse/tous/2014-12-01/foot-SEARCH with:Toulouse/tous/2014-12-01/foot-SEARCH with:Toulouse/tous/2014-12-01/foot-'),
(61, '2014-12-02 20:33:06', '0000-00-00 00:00:00', '::1', 0, '', 'Toulouse', 'tous', 'CON_START-'),
(62, '2014-12-03 14:05:16', '0000-00-00 00:00:00', '::1', 0, '', 'Toulouse', 'tous', 'CON_START-SEARCH with:Toulouse/tous/2014-12-03/-'),
(63, '2014-12-05 10:30:16', '0000-00-00 00:00:00', '::1', 0, '', 'Toulouse', 'tous', 'CON_START-SEARCH with:Toulouse/tous/2014-12-05/maquillage-SEARCH with:Toulouse/tous/2014-12-05/-'),
(64, '2014-12-19 11:01:41', '0000-00-00 00:00:00', '::1', 0, '', 'Toulouse', 'tous', 'CON_START-'),
(65, '2014-12-22 10:02:25', '0000-00-00 00:00:00', '::1', 0, '', 'Toulouse', 'tous', 'CON_START-SEARCH with:Toulouse/tous/2014-12-22/-SEARCH with:Toulouse/tous/2014-12-22/-SEARCH with:Toulouse/tous/2014-12-22/-SEARCH with:Toulouse/tous/2014-12-22/-SEARCH with:Toulouse/tous/2014-12-22/-SEARCH with:Toulouse/tous/2014-12-22/-SEARCH with:Toulouse/tous/2014-12-22/-SEARCH with:Toulouse/tous/2014-12-22/-SEARCH with:Toulouse/tous/2014-12-22/-SEARCH with:Toulouse/tous/2014-12-22/-SEARCH with:Toulouse/tous/2014-12-22/-SEARCH with:Toulouse/tous/2014-12-22/-SEARCH with:Toulouse/tous/2014-12-22/-SEARCH with:Toulouse/tous/2014-12-22/-SEARCH with:Toulouse/tous/2014-12-22/-SEARCH with:Toulouse/tous/2014-12-22/-SEARCH with:Toulouse/tous/2014-12-22/-SEARCH with:Toulouse/tous/2014-12-22/-SEARCH with:Toulouse/tous/2014-12-22/-SEARCH with:Toulouse/tous/2014-12-22/-SEARCH with:Toulouse/tous/2014-12-22/-'),
(66, '2014-12-23 09:29:17', '0000-00-00 00:00:00', '::1', 0, '', 'Toulouse', 'tous', 'CON_START-SEARCH with:Toulouse/tous/2014-12-23/-SEARCH with:Toulouse/tous/2014-12-23/-SEARCH with:Toulouse/tous/2014-12-23/-SEARCH with:Toulouse/tous/2014-12-23/-SEARCH with:Toulouse/tous/2014-12-23/-SEARCH with:Toulouse/tous/2014-12-23/-SEARCH with:Toulouse/tous/2014-12-23/-SEARCH with:Toulouse/tous/2014-12-23/-SEARCH with:Toulouse/tous/2014-12-23/-SEARCH with:Toulouse/tous/2014-12-23/-SEARCH with:Toulouse/tous/2014-12-23/-SEARCH with:Toulouse/tous/2014-12-23/-SEARCH with:Toulouse/tous/2014-12-23/-SEARCH with:Toulouse/tous/2014-12-23/-SEARCH with:Toulouse/tous/2014-12-23/-SEARCH with:Toulouse/tous/2014-12-23/-SEARCH with:Toulouse/tous/2014-12-23/-SEARCH with:Toulouse/tous/2014-12-23/-'),
(67, '2015-01-05 09:18:06', '0000-00-00 00:00:00', '::1', 0, '', 'Toulouse', 'tous', 'CON_START-SEARCH with:Toulouse/tous/2015-01-05/-SEARCH with:Toulouse/tous/2015-01-05/-SEARCH with:Toulouse/tous/2015-01-05/-SEARCH with:Toulouse/tous/2015-01-05/-SEARCH with:Toulouse/tous/2015-01-05/-SEARCH with:Toulouse/tous/2015-01-05/-SEARCH with:Toulouse/tous/2015-01-05/-SEARCH with:Toulouse/tous/2015-01-05/-SEARCH with:Toulouse/tous/2015-01-05/-SEARCH with:Toulouse/tous/2015-01-05/-SEARCH with:Toulouse/Loisir/2015-01-05/-SEARCH with:Toulouse/Tous/2015-01-05/-SEARCH with:Toulouse/Tous/2015-01-05/-SEARCH with:Toulouse/Tous/2015-01-05/-'),
(68, '2015-01-13 09:26:50', '0000-00-00 00:00:00', '::1', 0, '', 'Toulouse', 'tous', 'CON_START-SEARCH with:Toulouse/tous/2015-01-13/-SEARCH with:Toulouse/tous/2015-01-13/-SEARCH with:Toulouse/tous/2015-01-13/-SEARCH with:Toulouse/tous/2015-01-13/-SEARCH with:Toulouse/tous/2015-01-13/-SEARCH with:Toulouse/tous/2015-01-13/-SEARCH with:Toulouse/tous/2015-01-13/-SEARCH with:Toulouse/tous/2015-01-13/-SEARCH with:Toulouse/tous/2015-01-13/-SEARCH with:Toulouse/tous/2015-01-13/-SEARCH with:Toulouse/tous/2015-01-13/-SEARCH with:Toulouse/tous/2015-01-13/-SEARCH with:Toulouse/tous/2015-01-13/-SEARCH with:Toulouse/tous/2015-01-13/-SEARCH with:Toulouse/tous/2015-01-13/-SEARCH with:Toulouse/tous/2015-01-13/-SEARCH with:Toulouse/tous/2015-01-13/-SEARCH with:Toulouse/tous/2015-01-13/-SEARCH with:Toulouse/tous/2015-01-13/-SEARCH with:Toulouse/tous/2015-01-13/-SEARCH with:Toulouse/tous/2015-01-13/-SEARCH with:Toulouse/tous/2015-01-13/-SEARCH with:Toulouse/tous/2015-01-13/-SEARCH with:Toulouse/tous/2015-01-13/-SEARCH with:Toulouse/tous/2015-01-13/-SEARCH with:Toulouse/tous/2015-01-13/-SEARCH with:Toulouse/tous/2015-01-13/-SEARCH with:Toulouse/tous/2015-01-13/-SEARCH with:Toulouse/tous/2015-01-13/-SEARCH with:Toulouse/tous/2015-01-13/-SEARCH with:Toulouse/tous/2015-01-13/visage-SEARCH with:Toulouse/tous/2015-01-13/-SEARCH with:Toulouse/tous/2015-01-13/visage-SEARCH with:Toulouse/tous/2015-01-13/wilson-SEARCH with:Toulouse/tous/2015-01-13/visage-SEARCH with:Toulouse/tous/2014-11-25/-SEARCH with:Toulouse/tous/2014-11-25/-SEARCH with:Toulouse/tous/2014-11-25/-SEARCH with:Toulouse/tous/2014-11-25/-SEARCH with:Toulouse/tous/2014-11-25/-SEARCH with:Toulouse/tous/2014-11-25/wilson-SEARCH with:Toulouse/tous/2014-11-25/institut-SEARCH with:Toulouse/tous/2014-11-25/wilson-SEARCH with:Toulouse/tous/2014-11-25/wilson-SEARCH with:Toulouse/tous/2015-01-14/wilson-SEARCH with:Toulouse/tous/2015-01-14/wilson-SEARCH with:Toulouse/tous/2015-01-14/wilson-SEARCH with:Toulouse/tous/2015-01-14/soin-SEARCH with:Toulouse/tous/2015-01-14/visage-SEARCH with:Toulouse/tous/2015-01-14/tête-SEARCH with:Toulouse/tous/2015-01-14/président-SEARCH with:Toulouse/tous/2015-01-14/epilation-SEARCH with:Toulouse/tous/2014-11-25/-SEARCH with:Toulouse/tous/2014-11-25/-SEARCH with:Toulouse/tous/2015-01-14/epilation-SEARCH with:Toulouse/tous/2015-01-14/soccer-SEARCH with:Toulouse/tous/2015-01-14/soccer-SEARCH with:Toulouse/tous/2015-01-14/-SEARCH with:Toulouse/tous/2015-01-14/-SEARCH with:Toulouse/tous/2015-01-14/nocibe-SEARCH with:Toulouse/tous/2015-01-14/thomas-SEARCH with:Toulouse/tous/2015-01-14/tete-SEARCH with:Toulouse/tous/2015-01-14/tête-SEARCH with:Toulouse/tous/2015-01-14/larrieu-SEARCH with:Toulouse/tous/2015-01-14/larrieu-'),
(69, '2015-01-15 08:42:13', '0000-00-00 00:00:00', '::1', 0, '', 'Toulouse', 'tous', 'CON_START-'),
(70, '2015-01-15 10:07:00', '0000-00-00 00:00:00', '::1', 0, '', 'Toulouse', 'tous', 'CON_START-SEARCH with:Toulouse/tous/2015-01-15/-SEARCH with:Toulouse/tous/2015-01-15/-SEARCH with:Toulouse/tous/2015-01-15/-SEARCH with:Toulouse/tous/2015-01-15/-SEARCH with:Toulouse/tous/2015-01-15/-SEARCH with:Toulouse/tous/2015-01-15/-SEARCH with:Toulouse/tous/2015-01-15/-SEARCH with:Toulouse/tous/2015-01-15/-SEARCH with:Toulouse/tous/2015-01-15/-SEARCH with:Toulouse/tous/2015-01-15/-'),
(71, '2015-01-15 12:57:39', '0000-00-00 00:00:00', '::1', 0, '', 'Toulouse', 'tous', 'CON_START-SEARCH with:Toulouse/tous/2015-01-15/-SEARCH with:Toulouse/tous/2015-01-15/-SEARCH with:Toulouse/tous/2015-01-15/-SEARCH with:Toulouse/tous/2015-01-15/-SEARCH with:Toulouse/tous/2015-01-15/-SEARCH with:Toulouse/tous/2015-01-15/-SEARCH with:Toulouse/tous/2015-01-15/-SEARCH with:Toulouse/tous/2015-01-15/-SEARCH with:Toulouse/tous/2015-01-15/-SEARCH with:Toulouse/tous/2014-11-25/-SEARCH with:Toulouse/tous/2014-11-25/-SEARCH with:Toulouse/tous/2014-11-25/-SEARCH with:Toulouse/tous/2014-11-25/-SEARCH with:Toulouse/tous/2014-11-25/-SEARCH with:Toulouse/tous/2014-11-25/-SEARCH with:Toulouse/tous/2014-11-25/-SEARCH with:Toulouse/tous/2014-11-25/-SEARCH with:Toulouse/tous/2014-11-25/-SEARCH with:Toulouse/tous/2014-11-25/-SEARCH with:Toulouse/tous/2014-11-25/-SEARCH with:Toulouse/tous/2014-11-25/-SEARCH with:Toulouse/tous/2014-11-25/-SEARCH with:Toulouse/tous/2014-11-25/-SEARCH with:Toulouse/tous/2014-11-25/-SEARCH with:Toulouse/tous/2015-01-16/epilation-SEARCH with:Toulouse/tous/2014-11-25/-SEARCH with:Toulouse/tous/2014-11-25/pinsons-SEARCH with:Toulouse/tous/2014-11-25/marchande-SEARCH with:Toulouse/tous/2014-11-25/marchande-SEARCH with:Toulouse/tous/2014-11-25/marchande-SEARCH with:Toulouse/tous/2014-11-25/controle-SEARCH with:Toulouse/tous/2014-11-25/-SEARCH with:Toulouse/tous/2014-11-25/-'),
(72, '2015-01-16 10:53:46', '0000-00-00 00:00:00', '::1', 0, '', 'Toulouse', 'tous', 'CON_START-SEARCH with:Toulouse/tous/2015-01-16/aqua-SEARCH with:Toulouse/tous/2015-01-16/aqua-SEARCH with:Toulouse/tous/2015-01-16/aqua-'),
(73, '2015-01-19 10:35:51', '0000-00-00 00:00:00', '::1', 0, '', 'Toulouse', 'tous', 'CON_START-'),
(74, '2015-01-20 13:35:45', '0000-00-00 00:00:00', '::1', 0, '', 'Toulouse', 'tous', 'CON_START-SEARCH with:Toulouse/tous/2015-01-20/jets-SEARCH with:Toulouse/tous/2015-01-20/onglerie-SEARCH with:Toulouse/tous/2015-01-20/onglerie-SEARCH with:Toulouse/tous/2015-01-20/onglerie-SEARCH with:Toulouse/tous/2015-01-20/onglerie-SEARCH with:Toulouse/tous/2015-01-20/onglerie-SEARCH with:Toulouse/tous/2015-01-20/onglerie-SEARCH with:Toulouse/tous/2015-01-20/onglerie-SEARCH with:Toulouse/tous/2015-01-20/onglerie-SEARCH with:Toulouse/tous/2015-01-20/onglerie-SEARCH with:Toulouse/tous/2015-01-20/onglerie-SEARCH with:Toulouse/tous/2015-01-20/onglerie-SEARCH with:Toulouse/tous/2015-01-20/onglerie-SEARCH with:Toulouse/tous/2015-01-20/main-SEARCH with:Toulouse/tous/2015-01-20/ongle-SEARCH with:Toulouse/tous/2015-01-20/onglerie-SEARCH with:Toulouse/tous/2015-01-20/Mains-SEARCH with:Toulouse/tous/2015-01-20/mains-SEARCH with:Toulouse/tous/2015-01-20/onglerie-SEARCH with:Toulouse/tous/2015-01-20/beauté-SEARCH with:Toulouse/tous/2015-01-20/des-SEARCH with:Toulouse/tous/2015-01-20/ongl-SEARCH with:Toulouse/tous/2015-01-20/onglerie-SEARCH with:Toulouse/tous/2015-01-20/mains-SEARCH with:Toulouse/tous/2015-01-20/Mains-SEARCH with:Toulouse/tous/2015-01-20/onglerie-SEARCH with:Toulouse/tous/2015-01-20/homme-SEARCH with:Toulouse/tous/2015-01-20/onglerie-SEARCH with:Toulouse/tous/2015-01-20/pieds-SEARCH with:Toulouse/tous/2015-01-20/rocher-'),
(75, '2015-01-20 20:12:30', '0000-00-00 00:00:00', '::1', 0, '', 'Toulouse', 'tous', 'CON_START-SEARCH with:Toulouse/tous/2015-01-20/-SEARCH with:Toulouse/tous/2015-01-20/-SEARCH with:Toulouse/tous/2015-01-20/-SEARCH with:Toulouse/tous/2015-01-20/-SEARCH with:Toulouse/tous/2015-01-20/pieds-SEARCH with:Toulouse/tous/2015-01-20/mains-SEARCH with:Toulouse/tous/2015-01-20/-SEARCH with:Toulouse/tous/2015-01-20/-SEARCH with:Toulouse/tous/2015-01-20/-'),
(76, '2015-01-22 09:01:41', '0000-00-00 00:00:00', '::1', 0, '', 'Toulouse', 'tous', 'CON_START-SEARCH with:Toulouse/tous/2015-01-22/-SEARCH with:Toulouse/tous/2015-01-22/-SEARCH with:Toulouse/tous/2015-01-22/-SEARCH with:Toulouse/tous/2015-01-22/-SEARCH with:Toulouse/tous/2015-01-22/-SEARCH with:Toulouse/tous/2015-01-22/-SEARCH with:Toulouse/tous/2015-01-22/-'),
(77, '2015-01-22 10:21:17', '0000-00-00 00:00:00', '::1', 0, '', 'Toulouse', 'tous', 'CON_START-SEARCH with:Toulouse/tous/2015-01-22/-SEARCH with:Toulouse/tous/2015-01-22/-SEARCH with:Toulouse/tous/2015-01-22/-SEARCH with:Toulouse/tous/2015-01-22/-SEARCH with:Toulouse/tous/2015-01-22/-SEARCH with:Toulouse/tous/2015-01-22/-SEARCH with:Toulouse/tous/2015-01-22/-SEARCH with:Toulouse/tous/2015-01-22/-SEARCH with:Toulouse/tous/2015-01-22/bonnefoy-SEARCH with:Toulouse/tous/2015-01-22/bonnefoy-SEARCH with:Toulouse/tous/2015-01-22/médecin-SEARCH with:Toulouse/tous/2015-01-22/médecin-SEARCH with:Toulouse/tous/2015-01-22/médecin-SEARCH with:Toulouse/tous/2015-01-22/médecin-SEARCH with:Toulouse/tous/2015-01-22/Herzi-SEARCH with:Toulouse/tous/2015-01-22/autosur-SEARCH with:Toulouse/tous/2015-01-22/autosur-'),
(78, '2015-01-22 13:18:56', '0000-00-00 00:00:00', '::1', 0, '', 'Toulouse', 'tous', 'CON_START-SEARCH with:Toulouse/tous/2015-01-22/-SEARCH with:Toulouse/tous/2015-01-22/-SEARCH with:Toulouse/tous/2015-01-22/soin-SEARCH with:Toulouse/tous/2015-01-22/controle-SEARCH with:Toulouse/tous/2015-01-22/-SEARCH with:Toulouse/tous/2015-01-22/osthéopathe-SEARCH with:Toulouse/tous/2015-01-22/osthéopathe-SEARCH with:Toulouse/tous/2015-01-22/nourisson-SEARCH with:Toulouse/tous/2015-01-22/ber-SEARCH with:Toulouse/tous/2015-01-22/ost-SEARCH with:Toulouse/tous/2015-01-22/ost-SEARCH with:Toulouse/tous/2015-01-22/ost-SEARCH with:Toulouse/tous/2015-01-22/ost-SEARCH with:Toulouse/tous/2015-01-22/ost-SEARCH with:Toulouse/tous/2015-01-22/ost-SEARCH with:Toulouse/tous/2015-01-22/ost-SEARCH with:Toulouse/tous/2015-01-22/opti-SEARCH with:Toulouse/tous/2015-01-22/chirurgie-SEARCH with:Toulouse/tous/2015-01-22/chirurgie-'),
(79, '2015-01-27 12:55:09', '0000-00-00 00:00:00', '::1', 0, '', 'Toulouse', 'tous', 'CON_START-SEARCH with:Toulouse/tous/2015-01-27/-SEARCH with:Toulouse/tous/2015-01-27/-SEARCH with:Toulouse/tous/2015-01-27/-SEARCH with:Toulouse/tous/2015-01-27/-SEARCH with:Toulouse/tous/2015-01-27/-SEARCH with:Toulouse/tous/2015-01-27/-SEARCH with:Toulouse/tous/2015-01-27/-SEARCH with:Toulouse/tous/2015-01-27/-SEARCH with:Toulouse/tous/2015-01-27/-SEARCH with:Toulouse/tous/2015-01-27/-');

-- --------------------------------------------------------

--
-- Structure de la table `suggestion`
--

CREATE TABLE IF NOT EXISTS `suggestion` (
  `id` int(11) NOT NULL AUTO_INCREMENT,
  `user_id` int(11) NOT NULL,
  `type` enum('address','phone','name','logo','meeting') NOT NULL,
  `subtype` enum('wrong','occupied') NOT NULL,
  `description` varchar(500) NOT NULL,
  PRIMARY KEY (`id`)
) ENGINE=InnoDB DEFAULT CHARSET=latin1 AUTO_INCREMENT=1 ;

-- --------------------------------------------------------

--
-- Structure de la table `waiting_list`
--

CREATE TABLE IF NOT EXISTS `waiting_list` (
  `id` int(11) NOT NULL AUTO_INCREMENT,
  `user_id` int(11) NOT NULL,
  `category_name` varchar(20) NOT NULL,
  `author_id` int(11) NOT NULL,
  `city` varchar(50) NOT NULL,
  `beginning_date` datetime NOT NULL,
  `end_date` datetime NOT NULL,
  PRIMARY KEY (`id`)
) ENGINE=InnoDB DEFAULT CHARSET=utf8 AUTO_INCREMENT=1 ;

/*!40101 SET CHARACTER_SET_CLIENT=@OLD_CHARACTER_SET_CLIENT */;
/*!40101 SET CHARACTER_SET_RESULTS=@OLD_CHARACTER_SET_RESULTS */;
/*!40101 SET COLLATION_CONNECTION=@OLD_COLLATION_CONNECTION */;
